USER,DATE,STAR,LIKE,TITLE,REVIEW
굳맨굿맨,2023-09-07 22:54:27-07:00,5,1,좋아요,아주 좋아오
짱구 아빠 엄마,2023-08-31 22:07:38-07:00,5,1,몰클잠바,가격대비 완전만족 사이즈색상 의류감촉 최고에요
거울공주2,2023-08-29 17:09:09-07:00,5,1,좋은 제품 저렴하게 잘 구매했네요,"제품이 다양하고 가격도 저렴해서 눈팅 자주하고 구매도 해봅니다
역시 물건 받아보니 믿음 가네요"
땡글이1225,2023-08-25 21:56:29-07:00,5,1,이쁘내요,감사합니다
차아암나,2023-08-24 22:38:13-07:00,1,0,0점이 없는게 아쉬움,"상품 6개 구매함 .
오배송 3건 포장불량 1건 
20일 걸려 받은 답변 . 
중간에서 업체와 연결하기에 도울수 있는 방법없음.
누락되었고 사이즈 품절이니 환불하거나 다른 사이즈로 받으라는 상담사의 답변. 

결론은  0점이 없는게 아쉬울 정도"
또이아띠,2023-08-17 17:50:15-07:00,2,0,제품 설명,제품 설명이 너무 아쉬워요  질문하기도 어렵고요
아오 접을까,2023-08-16 04:37:43-07:00,1,0,진짜 앱 사용성이 너무 구립니다,"모웹으로 갈수밖에 없는건 알겠는데 계속 쌓아서 무거워지는거 좀 해결해보세요
아니 뭐하나 제대로 눌러지는것도 없고 서버 꽉들어차서 렉 오지게 걸리고
ui는 뭐 그렇다 치고 제발 하단네비게이션에 빽키는 왜 만든겁니까 바로 뒤로가지도 않는거 답답하네요 진짜"
니우ㅗ뇽,2023-08-13 22:41:55-07:00,1,0,장난하나,진짜 취소반품비용으로 장사하나요? 말도안되는시스템. 후기보니 짭도 많은거같은데 다른어플 이용하시길
Seoho Hyesun,2023-08-01 07:17:30-07:00,5,1,정품 맞습니당,친구꺼랑 비교해보니까 정품 맞구용!!!!!!!!!생각보다 배송이 빨라서 좋아요 :) 적립금도 마니 쌓여서 개이득
텀블러12345,2023-08-01 03:57:07-07:00,3,1,배송,"당일출고 내뇽은 빼셔야겠어요~ 
일반 배송보다 느려요"
바보나이스,2023-07-26 23:12:28-07:00,5,1,귯,귯
Jumyoung Kwangsoo,2023-07-23 21:39:49-07:00,5,1,"카카페, 네페 됨","카카페, 네페 결제 되는게 신의 한수!! 특히 카카페 즉시할인 이벤트 할때 사면 완전 개이득이쥬"
Bomin Gunwoo,2023-07-21 22:11:57-07:00,5,1,숨은 보석을 발견할수있어요,구경을 찬찬히 하다보면 숨은 대박 제품을 발견할 수 있습니다 ㅋ 얼른 건져보세요
Kim Sunyoung 89,2023-07-21 22:11:56-07:00,5,1,신발은 항상 발란,명품 신발은 꼭 발란에서 구매해보세요
Grimmm Minjun,2023-07-21 22:11:54-07:00,5,1,와,명품쇼핑할때 실용적인 앱이라고 생각합니다. 나중에는 내몸사진 올리면 가상 피팅같은것도 되겠죠??ㅎㅎ
Sangjun Taehyun,2023-07-21 22:11:53-07:00,5,1,배송부터 확실,정말 빠르게 제품 받아 볼 수 있습니다. 진짜 배송 걱정은 없어요
Chang Gwak,2023-07-21 22:11:52-07:00,5,1,신발은 언제나 발란,요즘 신고 다니는 신발은 전부 발란에서 샀습니다. 100% 정품
Hyesuk Jungran,2023-07-21 22:11:50-07:00,5,1,사이즈 겟,프라다 구두 사이즈 다 없었는데 발란에서 찾았습니다. 감사감사요!
Wonhee Hyojin,2023-07-21 22:11:49-07:00,5,1,돌돌 발란,여러 직구앱들 돌아다녀봤는데 결국 발란입니다 ㅋㅋ
Cho Yunkyoung,2023-07-21 22:11:47-07:00,5,1,검색기능 좋아요,쉽게 원하는 제품들을 검색할 수 있어요. 다양한 디자인들도 쉽게 확인가능합니다
Sin Nuree,2023-07-21 22:11:46-07:00,5,1,믿고삽니다,믿을만한 어플 입니다. 환불정책도 잘되어 있어서 걱정없이 제품 사고 있습니다. 다 정품이구요
Youngshik Wonhee,2023-07-21 22:11:44-07:00,5,1,최저가 배송 맘에 들어요,최근에 발란만 주로 애용하고 있습니다. 배송이랑 가격 측면이 참 좋으네요
Yang Jo,2023-07-21 22:08:33-07:00,5,1,싸게 샀습니다.,폴스미스 가방 진짜 저렴하게 구입했습니다. 재질도 생각한것보다 고급스럽고 정품 확실해서 완전 득템요
Jo Hyunjoo,2023-07-21 22:08:32-07:00,5,1,아미 티셔츠 삽니다,"아미 하트티셔츠 구매했구요, 덕분에 좋은 가격에 빠른배송으로 받아볼 수 있었습니다"
yodichad,2023-07-21 21:44:36-07:00,1,0,To. UIUX디자인팀 아님 PM PO,"1. 홈화면에서 서치바를 누르고 또 서치바를 눌러야됨
 
2. 스크롤 다운하면 서치 버튼 찾으러 올라가야함 (팁:우측하단 위로가기 버튼은 옵션인거지  유저들을 배려한 디자인이 이님) 심지어 홈화면에는 올라가기 버튼도 없음
 
3. 불필요한 카테고리 존나많아서 어지러움
 
4. 메인 화면 우측상단 햄버거 메뉴버튼 누르고 들어가면  아이콘 픽셀 재각각임

5. 웹서치 하려고 화면올리면 (파란배경에 흰색으로 로고들어가있는 화면) 로딩스크린때문에 불편함. 

이외에도 ui나 ux적인 문제점 존나많음.

학생한테 디자인을 의뢰한건지 크몽에서 돈주고 맡긴건지…개발팀이랑 커뮤가 안되는건지.. ㅉㅉ 디자인에 신경좀 쓰세요. 

CS담당자분은 디자인팀한테 내용전달좀 해주세요."
Sungmin Sungjin,2023-07-19 21:38:35-07:00,5,1,친구가 추천,친구가 적극 추천해줘서 발란 이용하고 있어요. 저도 친구들한테 알려주고 있습니다 ㅋ
wendy.82,2023-07-19 21:38:33-07:00,5,1,발란 정품,항상 믿고 구매합니다. 100% 정품 확실합니다.
Sungjin Jinwoo,2023-07-19 21:38:31-07:00,5,1,정품 보장 100%,가품일 경우 보상제도도 있고 정품 확실해서 무조건 발란 이용하고 있어요
Seungho Sangah,2023-07-19 21:38:30-07:00,5,1,아이쇼핑이 가능,딱히 살거 없어도 프로모션이 다양해서 제품 구경하는 맛이 있습니다.
Jina Arin,2023-07-19 21:38:28-07:00,5,1,명품커머스 탑,앱최적화도 잘 되어있고 UI도 깔끔해요. 최저가 비교하기 편리해서 너무 잘쓰고 있어요!
Sunwoo Ko,2023-07-19 21:38:26-07:00,5,1,발란만 있으면 한큐에 해결,브랜드 홈피 왔다갔다 안해도 되고 발란 속에서 다 볼 수 있어서 편해요~~
Woo Sunghun,2023-07-19 21:38:26-07:00,5,1,잠들기전 내친구,"잠들기전 내친구,, 발란 구경하는 재미로 살아요,,"
Yang Kiyun,2023-07-19 21:38:24-07:00,5,1,발란 좋다좋다!!,2번째 구매하는데 쿠폰붙여서 사니까 정말 싸게 샀습니당 :) 앱도 보기 편해요 검수 동영상도 잘 찍어서 보여주니까 마음에 들어요 가품걱정없이 쇼핑할 수 있는 거 가타용
Seungho Sunyup,2023-07-19 21:38:21-07:00,5,1,네이버페이 조아유ㅠㅠ,네이버페이 결제돼서 너무 조아유ㅠㅠㅠ 절대 없애지 마세요ㅠㅠ
Hyun Woong,2023-07-19 21:38:20-07:00,5,1,배송빠르고 저렴해요,배송 빠르고 저렴한가격에 원하는물건 구매했어요 또 이용할거예요♡♡♡
왕싱글68,2023-07-19 20:06:57-07:00,5,1,배송,빠르게 물건받아서 좋아요
Joe Sungryung,2023-07-19 03:35:13-07:00,5,1,정품보장해주니 믿고 샀어요,물검 검색하다가 여기가 최저가라 가입쿠폰받고 샀어요. 솔직히 싸서 의심했는데 정품보장해준다니까 믿고 샀어요..
Hyuksang Juhee,2023-07-19 03:35:12-07:00,5,1,발란 감동감동,오프에서 실물보고 사는 편이었는데 발란 몇번이용해보고 아예 온라인 쇼핑만 하고 있어요^^지금이라도 발란 알게 되어서 다행이다 싶고요..이런류 어플 중에서 가장 자주 접속하고 있어요^^
Jimin Han 87,2023-07-19 03:35:10-07:00,5,1,명품브랜드를 집에서 구매할 수 이써용,백화점 안가도 여러가지 명품브랜드를 접할수 이써용 가격비교하면서 적립금쓰면 정말 저렴하게 사는 경우도 이써서 만족해요.
Naeun Hyerim,2023-07-19 03:35:08-07:00,5,1,직구 이렇게 쉬웟나요??,직구가 이렇게 쉬운거였다니…!! 직구알못은 놀라고 갑니다 면세쇼핑은 저리가라네요
Dongha Yewon,2023-07-19 03:35:07-07:00,5,1,검수 꼼꼼하게 하네요,좋아요 좋아요 좋아요ㅋㅋ전보다 판매하는 곳들도 늘어나면서 가격비교도 할 수 있고 검수 꼼꼼해요
Woojin Sangcheol,2023-07-19 03:35:04-07:00,5,1,퍼스널쇼퍼기능 조아요,가장 마니 이용하는 어플이네요 개인적으로 퍼스널쇼퍼 기능이 가장 조아요
Taehee Eunsang,2023-07-19 03:35:02-07:00,5,1,진짜 최고최고 추천,정품 걱정없이 쇼핑할 수 있는 앱 추천해요
Gang Younsun,2023-07-19 03:35:01-07:00,5,0,발란 추천,오픈런 몇번 실패하고 발란에서 겟했습니당
Seoyun Wonjun,2023-07-19 03:35:00-07:00,5,1,발란깔고 텅장됨,"텅장으로 만든 주범!!!!!!!!!!ㅜㅜ 그만큼 예쁜 상품 많고, 할인율도 조아서 찜해 놓은것만 해도 엄청나요 선물용, 내꺼용 전부 발란에서 구매해요 번창하세요"
Ganghee Hyeyoun,2023-07-19 03:34:59-07:00,5,1,정품보장,리뷰 귀찮아서 안쓰는데 정품보장되고 배송빠르고 판매자분들 친절해서 잘 사용하고 있어요 아이쇼핑하느라 시간가는 줄 몰라요
Gwon Walker,2023-07-15 21:48:08-07:00,5,1,쇼핑 이걸로만 해용,잘 쓰고 있어용 정품이고 안전하게 빨리 와서 좋아용ㅜㅜㅜㅎㅎㅎㅎ
Jung Eunmi,2023-07-15 21:48:06-07:00,5,1,사용하기 편하네요,다른 앱 많이 이용해봤는데 솔직히 발란이 제일 쓰기 편했음
Pchung Subin,2023-07-15 21:48:04-07:00,5,1,배송빠름 최고,생각보다 배송 빨라서 놀랐음!!!!
Chung Sunyoung,2023-07-15 21:48:03-07:00,5,1,싸게 살 수 있어서 조아요,원래 리뷰 안 쓰는 편인데 첫구매하고 조아서 남겨요! 판매자분이 편지도 써주심ㅋㅋㅋ 포장이나 상품 상태도 좋았고 정가보다 저렴하게 살 수 있어서 조아요♥
Bomin Minjun,2023-07-15 21:48:01-07:00,5,1,정품 보장돼서 조음,정품 보장되는게 가장 큰 장점이 아닐까 싶음
Kim Taehyun 87,2023-07-15 21:48:00-07:00,5,1,잘 이용하고 있어요,쿠폰 마니마니 주세요.. 쿠폰의 노예.. 보다보면 시간가는줄 몰라요ㅎㅎ 구매할때마다 상태 조아서 만족해요
Grimmm Gwak,2023-07-15 21:47:58-07:00,5,1,만족하며 이용합니다,실제 물건과 가장 비슷하게 사진을 찍어 올려주셔서 실물구매하는데에 큰 도움이 됩니다.
Sangjun Jungran,2023-07-15 21:47:57-07:00,5,1,사진 상세해서 도움되었어요,"다양한 명품을 한꺼번에 볼 수 있어서 그점이 가장 좋았구요, 너무 잘나온 구라사진으로 뻥치는 쇼핑몰들은 막상받아보면 사진과 약간 달라서 실망한적이 있었는데, 이곳은 사진이 현실적인 사진들이라서 그점이 가장 좋았네요,"
Chang Hyemin,2023-07-15 21:47:55-07:00,5,1,간편해서 좋습니다,복잡한거 싫어하고 간편히 템사진들 보기 좋습니다.
Hyesuk Hana,2023-07-15 21:47:53-07:00,5,1,구경하기 좋은 앱임,제품 구경하기 좋은 앱임 특히 제품사진들이 가방 안쪽까지 찍어놓은 사진들이 있어서 그게 좋드라고요~ 실제 착샷있는 상품도 있어서 구매할 때 도움이 돼요
Ahn Sunyup,2023-07-15 01:36:26-07:00,5,1,비교해가며 보기 좋아요!!,가방이랑 지갑 살때 확실히 도움되는 앱이에요ㅎㅎ고를때 비교해가면서 볼수 있어서 그점이 좋아요!!! 자기 전 쇼핑하기 좋아요!!!
Doyoun Myungshik,2023-07-15 01:36:25-07:00,5,1,명품살때는발란,"신상, 이월상품 등 종류가 여러가지 있고, 백화점에서 없는 상품이 다양하게 있어서 그점이 좋았습니다."
Kyung Yunseo,2023-07-15 01:36:23-07:00,5,1,온라인 최저가 쇼핑 원하면 발란추천,온라인최저가로 구매할수있어서 짱좋아유 후기보는 재미도있구요 오늘배송상품사면 바로받아볼수 있는것도장점이에요
Skwon Sungeun,2023-07-15 01:36:22-07:00,5,1,많은 브랜드를 모아봐요,없는 브랜드가 없어요 제가 모르던 브랜드도 마니 알게 되어서 예쁜 아이들 구입했어요^^
Dongha Kyungjoo,2023-07-15 01:36:20-07:00,5,1,별10개 주고싶은 어플,명품을 이가격에 살 수 있다니 갸이득!!!!!! 다들 발란하세요 제발!!!!!! 이벤트할때 노리면 진심 저렴하게도 살 수 이써요!!!! 저한테는 별 10개짜리 어플이에용!!!
Hwang Hyun,2023-07-15 01:36:19-07:00,5,1,최애앱,맨날 맨날 들어가보는 최애앱이예요!!찜해두고 가격비교해서 사기도 좋고 액세서리나 지갑 등은 친구선물로 사고요 리뷰포인트도 생각보다 마니 모았어요!!고객센터 문의도 잘 받아줘서 조아요
Moonyong Jungsoo,2023-07-15 01:36:17-07:00,5,1,좋은 어플,이제어플을 알게 되어 아쉽네요..백화점에서 입어보고 발람에서 사는게 루틴이 되었습니다..가격혜택많고 종류도 여러가지 모아 보니까 좋습니다..
Eunju Jisuk,2023-07-15 01:36:15-07:00,5,1,정품 짝짝짝,가품 걱정없이 집에서 쇼핑하는 세상이라니 짝짝짝 박수를 보냅니다 정품인증해주니까 믿고 삽니다
Kwon Sojung,2023-07-15 01:36:12-07:00,5,1,간편😊😊,간편하게 침대에 누워서 바로바로 보고 살수 있는게 참 간편한 거같아서 잘 쓰고 있어요.😊
Woo Hyounjung,2023-07-15 01:36:12-07:00,5,1,쇼핑은 발란으로만,앞으로 발란에서만 사게 될듯. 매장에서 보고 온 가격보다 잘 샀습니다
Chaewon Bomi,2023-07-13 21:40:33-07:00,5,0,발란 좋아요 :),디자인 깔끔하고 보기 쉽습니다 :) 무엇보다 여러브랜드 한번에 주문할 수 있고 네이버페이 되고 배송비 포함이라는 점이 좋습니다~~
Ryankim Jungho,2023-07-13 21:40:32-07:00,5,0,정품 쇼핑은 발란,정품100%보장해주는게 가장큰 장점..!할인상품도 많아서 백화점보다 저련하게 구입하니까 좋네용..
Jughyung Son 82,2023-07-13 21:40:29-07:00,5,0,가장 자주 사용하는 어플임,우연히 가입해서 벌써 3번이나 주문해쏘요 종류많고 깔끔하고 배송비 포함이고 집에서 편하게 쇼핑할수 있어서 편해요
Seoho Seoyeon,2023-07-13 21:40:28-07:00,5,0,브랜드 다양해서 조아요,브랜드 다양하고 추천상품도 딱 제 스타일이라서 편리하게 이용하고 있습니다.
Geongeun Mijung,2023-07-13 21:40:26-07:00,5,0,리뷰란 편리해요,사진 리뷰라던지 텍스트 리뷰 관리가 잘되어 있어서 제품 구매시에 참고가 잘되고 있습니다~
Woojin Heo,2023-07-13 21:40:24-07:00,5,0,배송 짱빠름,배송 빠른건 명품앱중에선 발란이 가장 최고인듯
Jeon Sangcheol,2023-07-13 21:40:22-07:00,5,0,B최저가 좋습니다,원하는 제품 나오땐 싼 가격에 잘 구매하고 있어요! 다른 제품 구경하는 맛도 있습니다 ㅋ
Sasha Minsoo,2023-07-13 21:40:21-07:00,5,0,퍼스널쇼퍼 너무 편리해요,퍼스널 쇼퍼 도움 잘 받고 있습니다. 굳이 안 입어봐도 정사이즈로 잘 사고 있어요
Hanna Woojin,2023-07-13 21:40:19-07:00,5,0,편하고 안전한 발란,직구앱 여러가지 깔고 이용해봤는데 솔직히 가장 최고 입니다. 1:1 문의도 잘해주시고 믿고 사고 있습니다
Jhwang Sangho,2023-07-13 21:40:18-07:00,5,0,사이즈 겟,뉴발 운동화 사이즈 찾다찾다 발란왔는데 제가 찾는 사이즈가 딱 있네요~ 완전 굿
ㅋㅋㅋ😀,2023-07-10 01:09:56-07:00,5,1,젛아여,백화점각
이앱 절대 깔지 마세요 개쓰렉,2023-07-07 04:07:54-07:00,4,1,좋은제품 잘 산거 같아요,싸게 잘샀네요
Kyung Junbum 72,2023-06-29 16:10:27-07:00,5,1,어플 사용,발란 어플 사용하기가 가장 쉬운것 같아요 추천합니다
Sasha Gunho,2023-06-29 16:10:25-07:00,5,1,쿠폰 많아요,프로모션도 많고 쿠폰도 많아요. 꼭 어플 이용하세요
Grimmm Jiyeon 82,2023-06-29 16:10:23-07:00,5,1,최저가 득템,발란에서 사는 건 언제나 최저가네요~
Ryu Sunyup,2023-06-29 16:10:21-07:00,5,1,배송 좋습니다,배송이 정말 빠릅니다. 바로바로 상품이 와서 넘 좋네요
Seoho Jihoon,2023-06-29 16:10:19-07:00,5,1,확실한 정품,정품이 확실해서 완전 굿
Sungryung Jinhee,2023-06-29 16:10:17-07:00,5,1,비교 구매,다른 업체들이랑 비교해보면서 구매할 수 있어서 합리적이예요
Dlgustn Eunmi,2023-06-29 16:10:15-07:00,5,1,모두 만족스러운 곳,가격이랑 배송 모두모두 만족
Gcheon Youngjin 97,2023-06-29 16:10:14-07:00,5,1,재고 입고 시스템좋아요,요즘 재고입고 되는것만 기다리고 있습니다. 정품도 확실해요
Jang Youngha,2023-06-29 16:10:12-07:00,5,1,프로모션 다양,때마다 프로모션이 있어서 좋구요 구경만 해도 재밌어요
Khwang Jinhee 28,2023-06-29 16:10:10-07:00,5,1,사이즈 걱정 없어요,독일군 스니커즈 다른곳에 없는 사이즈 발란엔 있더라구요
별명사용자표시,2023-06-28 23:42:54-07:00,5,1,빠른배송 감사드립니다!!!,"빠른배송 감사드리고, 잘사용하겠습니다!!"
여우스카프,2023-06-28 08:14:31-07:00,5,1,너무 좋아요,편하게 쇼피왈수 있어서 너무 좋아여^*
Suyoun Younsun,2023-06-27 21:12:49-07:00,5,1,정품 보장되는 곳,정품 100% 확실합니다. 걱정 안해도 되요
Minhwan Yeon,2023-06-27 20:30:39-07:00,5,1,사이즈 득템요,프라다 구두 사이즈 다 없었는데 발란에서 찾았습니다. 감사감사요!
Jinsoo Cheon,2023-06-27 20:30:37-07:00,5,1,남여구분,성별 구분이 가능해서 편리해요. 앱을 잘 만들었어요
Sangah Yang,2023-06-27 20:30:33-07:00,5,1,항상 잘 이용해요,시즌별로 행사도 많고 일단 취급하는 상품군들이 정말 다양해서 좋습니다!!
Gcheon DJ,2023-06-27 20:30:33-07:00,5,1,발란 알아서 다행이에요,명품 살 때 부담이 많이 줄어들었습니다. 바잉세일 품목 잘 노리면 정말 극한의 최저가라 기부니가 좋아요
Juhee Seungho,2023-06-27 20:30:30-07:00,5,1,잘 쓰고 있어요,후기 사진을 볼 수 있다는게 마음에 들어요!! 할인 쿠폰도 많이주고 적립도 잘 돼서 좋네요
Dohyunn Minsung,2023-06-27 20:30:28-07:00,5,1,용돈이 생긴거같아요ㅎㅎ,발란 ㄹㅇ 혜자시네요! 쿠폰쓰고 적립금 쓰니까 꽁돈생긴기분>_< 배송도 빠르고 무엇보다 제품이 화면이랑 똑같아서 맘에 들어요
Namsoo Hyojin,2023-06-27 20:30:25-07:00,5,1,백화점 갈 이유가 없어요,장모님 생신선물 고르려고 백화점둘러보고왔는데 가격차이가 너무 심하네요. 발란에서 안 살 이유가 없어요. 예쁜 사위됐습니다 ^_^ 첫가입혜택 너무 좋네요!
Sangmyoung Yejin,2023-06-27 20:30:24-07:00,5,1,빠름빠름빠름,빠름빠름빠름 개빠름 한국인 맞춤 플랫폼 굳굳굳 물건상태도 굳굳굳
Gwon Kwangsoo,2023-06-27 20:30:22-07:00,5,1,저렴한가격이 최고 메리트,오프라인 매장에서 찜꽁해두고 집오는길에 찾아보는데 더 저렴하게 구매가 가능하네요? 혜택 잔뜩 끌어다가 좋은 가격에 구매했어요! 감사합니다:)
Dlgustn Jiwon,2023-06-26 08:17:50-07:00,5,0,첫 명품은 발란에서,제 첫 명품가방을 빠르고 편하게 살 수 있어서 넘 좋네요ㅎㅎ 무엇보다 가격적인 면에서 칭찬 한스푼
Youngho Sujung,2023-06-26 08:17:49-07:00,5,0,백화점보다 저렴하군요!,백화점 갔다가~~ 찜꽁했는데~~~ 발란에서 똑같은걸 훨 저렴하게 파니까~~ 바로 주문했어요^^
Kita Seunghyun,2023-06-26 08:17:47-07:00,5,0,배송 진짜 빠르네요..,배송 진짜 빠르네요... 백화점에서 보고 집오는 길에 주문했는데 이렇게 빨리온다고요? 감사합니다. 제품도 매장에서 본거랑 다를게 없어요. 오히려 더 새거같음 굳굳
Hyunyoung Jisuk,2023-06-26 08:17:45-07:00,5,0,만족만족!,배송도 느리지 않은 편이고 포장도 꼼꼼하게 와서 마음에 너무 들었어요! 포장 영상까지 아주 만족스러웠어요!
Lshin Jinwoo,2023-06-26 08:17:43-07:00,5,1,라스트원 최고,라스트원상품 구매했습니다. 스크래치 상품이라고 엄청 저렴하게 팔던데 받고보니 전혀 티 안나던데요!? 저는 스크래치상품 자주 이용할거같아요ㅋㅋㅋ 어차피 사고 쓰다보면 다칠텐데... 많이 올려주세요~~
Jaehyuk Hayun,2023-06-26 08:17:41-07:00,5,1,결국 발란,여러 직구앱들 돌아다녀봤는데 결국 발란입니다 ㅋㅋ
Jiyoung Geongeun,2023-06-26 08:17:39-07:00,5,0,검색기능 좋아요,쉽게 원하는 제품들을 검색할 수 있어요. 다양한 디자인들도 쉽게 확인가능합니다
Pchung Seoyeon 87,2023-06-26 08:17:37-07:00,5,0,믿고삽니다,믿을만한 어플 입니다. 환불정책도 잘되어 있어서 걱정없이 제품 사고 있습니다. 다 정품이구요
Eunjung Sangah,2023-06-26 08:17:35-07:00,5,0,최저가 배송 맘에 들어요,최근에 발란만 주로 애용하고 있습니다. 배송이랑 가격 측면이 참 좋으네요
Sunho Moonchang,2023-06-26 08:17:18-07:00,5,0,아페쎄 맨투맨,"구매했구요, 덕분에 좋은 가격에 빠른배송으로 받아볼 수 있었습니다"
Seo Seo98,2023-06-26 00:38:03-07:00,5,0,싸게 샀습니다.,가방 진짜 저렴하게 구입했습니다. 재질도 생각한것보다 고급스럽고 정품 확실해서 완전 득템요
Jungsoo Choon,2023-06-26 00:36:11-07:00,5,0,지인 추천,친구가 적극 추천해줘서 발란 이용하고 있어요.
Sunghun Hwang,2023-06-26 00:36:08-07:00,5,0,정품 걱정 없어요,확실한 정품들이라 걱정없이 살 수 있어요
Compiler Han,2023-06-26 00:36:06-07:00,5,0,검색 편리해요,관심 있는 제품들은 카테고리별로 잘 나와요
Yeon Yang,2023-06-26 00:36:04-07:00,5,0,온라인 최저가,다른 곳보다 저렴했습니다. 검색 열심히 하는 편인데 발란이 최저가였음. 잘 샀어요
Myungho Song,2023-06-26 00:36:02-07:00,5,0,배송 빠름,배송이 빨라서 너무너무 좋습니다. 오늘출발하는 상품 마니 들여와 주세요ㅜㅜ
Jiyeon Son,2023-06-26 00:36:00-07:00,5,0,가격 좋아요,가격이 확실히 다른곳보다 저렴합니다
Sinae Mira,2023-06-26 00:35:58-07:00,5,0,재고 입고,재고 입고상품 너무 좋은데 수량이 많았으면 합니다 ㅎ
Youngil Jia,2023-06-26 00:35:57-07:00,5,0,정품 100%,정품이라 믿고 살 수 있어용! 주변 지인들한테도 제가 산 판매자님 마니 알려주고 있어요ㅋㅋㅋㅋ
Younggil Jeon,2023-06-26 00:35:55-07:00,5,0,기획전 다양,기획전들이 시즌마다 다양해서 좋아요
송파오리,2023-06-24 03:02:07-07:00,5,1,나이키 운동화 주문,지인 선물로 나이키 운동화 구매했어요! 쿠폰 사용하고 주문 신속히 진행해서 맘에 들어요^^
Gjeon Geongeun,2023-06-24 02:48:33-07:00,5,1,좋은 상품 많이 파세요~,"깔끔하고 안전하게 배송 온점, 제품상태도 나이스 한 점 칭찬합니다. 좋은 상품 많이 파세요~"
Sungmi Seoyeon,2023-06-24 02:48:32-07:00,5,1,감사합니다.,너무 맘에 듭니다. 저렴하게 감사합니다. 배송은 진짜 최고
Skwon Younghwa,2023-06-24 02:48:31-07:00,5,1,믿고삽니다,"너무 저렴해서 정품 감정 받았어요ㅎㅎ... 괜한 고민했네요ㅎ 믿고사도됩니다! 빠르고 정확한 배송,제품 감사합니당^^"
Kwak Jungshik,2023-06-24 02:46:37-07:00,5,1,오프라인발란 예쁜듯,오프라인으로 받았어요! 퇴근하고 오면서 픽업! 집오는 길 발걸음 너무 가벼웠어요ㅋㅋㅋㅋ 매장 너무 이쁘더라고여 나중에 구경가야겟어요.
Juyeon Minhwan,2023-06-24 02:46:36-07:00,5,1,넘넘 예뻐요!!!!,남친 취업선물 선물해줬는데 첫출근날 세상 다 가진 기분이였대요ㅋㅋㅋㅋ 포장도 넘 예쁘게 와가지고 그냥 그대로 전달해줬어요ㅎ 포장놓치지마세요❤
Seoyun Sangsoo,2023-06-24 02:46:33-07:00,5,1,좋은가격 빠른배송,상견례때문에 부모님 선물구매차 가입했습니다. 가격이 너무 좋더라구요. 부모님이 기분이 좋으셔서 잘 마무리했네요. 감사합니다. 다음엔 와이프 선물을 구매해야겟어요.
Woojin Sangah,2023-06-24 02:46:31-07:00,5,1,나를 위한 선물,나를 위한 선물! 포장 이런거 막 그렇게 상관없고 그냥 무조건 가격이 중요했는데 그런 점에서 발란이 제일 저랑 잘맞았어요. 좋은상품 저렴하게 잘 구입했어요 감사합니다!
Yang Moonchang,2023-06-24 02:46:30-07:00,5,1,적립금 활용,적립금 제도가 잘되어 있어서 활용하면 쏠쏠합니다
Skwon Seungho,2023-06-24 02:46:28-07:00,5,1,제품 구경 재미남,평소에 관심있는 제품들 시간날때마다 구경하고 있습니다.
Jihoon Youngha,2023-06-24 02:46:25-07:00,5,1,특가 득템,구경하다보면 정말 좋은 가격에 살 수 있습니다. 넘 좋아요
산티앤파티마,2023-06-24 02:32:18-07:00,4,1,페레가모 헤어밴드,"적립금으로 알뜰하게 구매했어요. 
적립금 잊고 있었는데 친절하게 알려줘
잘 쓸수있었어요."
Dongha Sungeun,2023-06-23 08:43:06-07:00,5,1,안전한 발란,1:1 문의 진짜 빠르구요 답변 잘해주셔서 항상 안전하게 이용하고 있습니다.
Hwang Kyungjoo,2023-06-23 08:43:04-07:00,5,1,배송부터 확실,정말 빠르게 제품 받아 볼 수 있습니다. 진짜 배송 걱정은 없어요
Kwon Jisuk,2023-06-23 08:43:02-07:00,5,1,적립금 굿,적립금 빵빵하게 쌓이고 있습니다. 쏠쏠해요 ㅋㅋ
Woo Sojung,2023-06-23 08:43:01-07:00,5,1,맨투맨은 언제나 발란,명품 맨투맨들은 전부 발란에서 샀습니다. 100% 정품
Chaewon Hyounjung,2023-06-23 08:40:19-07:00,5,1,리뷰란 잘되어 있어요,항상 제품 구입하기 전에 리뷰란 꼼꼼히 보고 있습니다. 포토후기 너무 좋아요
Ryankim Bomi,2023-06-23 08:40:17-07:00,5,1,B최저가,최저가 잘 이용하고 있어요~ 네이버 검색해봐도 가장 최저가 입니다.
Jughyung Jungho,2023-06-23 08:40:15-07:00,5,1,로켓배송,와 배송 하루만에 왔어요>_< 커다란 박스에 옷 안다치게 포장상태도 최고!!! 매우 만족스러운 구매였어요. 빠른 배송 진짜 너무조아요
Seoho Son,2023-06-23 08:36:29-07:00,5,1,매장보다 저렴,와이프 선물로 샀습니다. 생각보다 빨리와서 그 날 모임가지고 나갔는데 주인공이였다고 기분좋아하네요. 매장에서 같이봤었는데 훨씬 저렴하게 사서 저도 기분 좋네요.
Geongeun Seoyeon,2023-06-23 08:36:27-07:00,5,1,오픈런 하지마세요.,"오픈런 다니다가 못구했던 상품 돈 쪼금 더 주고 구매하게 됐어요. 빠른배송, 시간세이빙, 편안함 등등 고려했을때 전혀 후회없습니다. 앞으로도 애용할것같아요."
Woojin Mijung,2023-06-23 08:36:26-07:00,5,1,땡큐발란,와이프 선물샀어요. 배송도 빨리오고 이번주말 행복했어요. 제품도 너무 만족합니다^^
Seungho Kyungchoon,2023-06-21 19:49:21-07:00,5,0,너무 편리해용,보기에 편리한 카테고리 분류 덕에 쇼핑하기 너문너무 편리해요!! 할인 기획전도 다양하고 쿠폰도 많이주니 더할나위 없네요
Yujin Jungsoo,2023-06-21 19:49:19-07:00,5,1,제품이 다양해요,항~상~~~ 내가 찾는 제품..내가찾는 사이즈.. 내가 탐하는 색상은 품절이었는데.. 발란에서 재고 발견하고 바로 지름!! 감사합니다.
Hyungg Jisun,2023-06-21 19:49:17-07:00,5,1,스크린타임,틈날때 마다 아이쇼핑해서 스크린도어 상위를 차지하고 있어요. ㅋㅋㅋㅋㅋ
Jisuk Gunwoo,2023-06-21 19:49:15-07:00,5,1,쿠폰,쿠폰 많이 뿌려서 좋아요! 매월 자신을 위한 소비를 실천하게 해줍니다 ㅋㅋ
Gunho Jughyung,2023-06-21 19:49:14-07:00,5,0,꾸준히 썼는데,배송도 빠르고 판매자와의 이슈도 바로바로 처리해주는 모습이 신뢰가 가요
Heo Jinwoo 82,2023-06-21 19:49:11-07:00,5,0,합리적,"예전엔 비슷한 어플 여러 개 쓰다가 이제는 발란만 써요.. 취급하는 제품이 많고, 저렴해서 좋네요"
Bomi Woong,2023-06-21 09:07:45-07:00,5,0,이제 알아서 아까움,직접 사는게 마음 편해서 그렇게 하고 있었는데…. 속는 셈 치고 써봤더니 진짜 편하고 제대로 정품취급 하고 있어서.. 그동안의 돈과 시간이 후회 됨 ㅠㅠ
Han Heewon,2023-06-21 09:07:42-07:00,5,0,독보적,"요즘 명품커머스앱 정말 많은데, 이 분야 선구자 답게 정말 편리한 UI를 갖고있어요!"
Hyounjung Gunho,2023-06-21 09:07:40-07:00,5,0,만족합니다,"가방이나 의류, 소품, 신발 다양하게 취급해서 명품 사고싶어지면 발란 와서 구경합니다!!"
Soyoung Han 94,2023-06-21 09:07:33-07:00,5,0,좋습니다,쓰면서 크게 불편을 느낀적이 없어요. 정말 잘 쓰고 있습니다!
Lcheon Dev,2023-06-21 01:09:54-07:00,5,0,무료배송,"상품 가격 자체에 배송비,관세 등등 다 포함되어 있으니 머리아플 일이 없네요. 무료배송이라 좋아요!"
Yun Wonhee,2023-06-21 01:09:42-07:00,5,0,굿굿,쿠폰 멕이면 진짜 저렴해지고 카카페 세일 기간 노리면 더더 할인 됨!! 승냥이처럼 맴돌다가 괜찮은거 있으면 쏙 채가야해요
Jungshik Hyojin,2023-06-21 01:09:40-07:00,5,0,제품 구경하는 재미,평소에 관심있는 제품들 시간날때마다 구경하고 있습니다. 돈 모아서 꼭 사려구요
Mincheol Changyoung,2023-06-21 01:09:39-07:00,5,0,최저가 인증,특가나온 제품들 보면 항상 네이버 최저가 보다 쌉니다
Jaecheo Yang,2023-06-21 01:09:37-07:00,5,0,고객센터 좋아요,1:1 문의 진짜 빠르구요 답변 잘해주셔서 항상 안전하게 이용하고 있습니다.
Jo Sunhang,2023-06-21 01:09:35-07:00,5,0,확실한 배송,정말 빠르게 제품 받아 볼 수 있습니다. 진짜 배송 걱정은 없어요
Hyojin Ingyu,2023-06-21 01:09:33-07:00,5,0,ㅠㅠ,발란 알게 된 후로 소비가 너무 늘었어요…. 그래도 행복합니다.
No Seoyoung,2023-06-21 00:41:50-07:00,5,0,감사합니다,명품 알못인데 랭킹 덕에 인기상품 파악할 수 있네요
Younghun Kisoo,2023-06-21 00:41:47-07:00,5,0,명품은 당연히,명품은 당연히 백화점이나 면세점에서 사야한다고 생각했는데… 한번 써보니 너무 편해서 오픈런을 할 수 없는 몸이 되어버렸네요..
Hyungcheol Jinwoo,2023-06-21 00:41:44-07:00,5,0,브랜드가 많음,이런 저런 브랜드를 발견하게 되는 점이 재미있는 거 같아요! 유명 브랜드 뿐만 아니라 다양한 브랜드를 취급하고 있어서 좋습니다.
사용자 96,2023-06-19 20:25:59-07:00,5,1,양품왔음,발란 가품 철저하게 검수한다더니 제품 괜찮네 양품으로 잘 받음 계속 이용하겠음
Younhee Choon,2023-06-19 20:25:57-07:00,5,1,구하기 어려운 제품도 있네요,구하기 어려운 제품도 여기 있네요 완전 신기했어요 검색하기만 해도 다 있네요
Seojun Yunyoung,2023-06-19 20:25:54-07:00,5,1,중독,중독되는거 같아여 패션에 관심 많고 특히 명품에 관심 많은데 앱 들어가서 보다보면 왜이렇게 재밌을까요
Eunae Sungryung,2023-06-19 20:25:50-07:00,5,1,통장 가벼워짐,돈 너무 많이 써서 앱 조금 쉬어야겠어요 여기 보다보면 사고 싶은게 너무 많아져서 통장이 가벼워져요 ㅋ큐ㅠ
Kyunghwan Nuree,2023-06-19 20:25:48-07:00,5,1,품절속도 빠름,맘에 드는 거 있으면 품절속도 빠르니 서둘러야함
Jihee Shim,2023-06-19 20:25:45-07:00,5,1,제일 저렴,명품살일있으면 발란에서 검색해봐요 여기가 제일 저렴하더라구요 품질은 좋은거 이미 알고 있고요ㅋ
Eunjung Sim,2023-06-19 20:25:43-07:00,5,1,발란 파이팅,발란이 일 잘하더라구요 요즘 괜찮은 제품들도 많이 사와서 세일하던데 앞으로도 계속 잘 해줬으면 좋겠어요
Song Miran,2023-06-19 20:25:41-07:00,5,1,가방 들여왔어요!,이번에 정품 핫딜 입고로 가방 하나 들여왔어요!^^ 완전 만족하면서 들고 있네요!^^
Younsun Jiyeon,2023-06-19 20:25:37-07:00,5,1,스트레스 풀어요,스트레스 발란에서 명품 쇼핑으로 풀고 있어요 돈은 많아서 괜찮아요 ㅎ
Hyena Suwon,2023-06-19 20:17:07-07:00,5,1,사고 싶은게 많아욤,장바구니 터질라고 해욤~~~사고 싶은게 너무 많네욤..
Eunjung Miran,2023-06-19 03:46:34-07:00,5,1,발란 짱짱,명품 온라인구매는 발란이 짱짱
Song Jongsoo,2023-06-19 03:46:32-07:00,5,1,잘 이용하고 있어용,지인이 산거보고 어디서 샀나고 물어봐서 알게됐어용 저도 잘 이용하고 있네용
Pak Hyunji,2023-06-19 03:46:29-07:00,5,1,깔끔^^,앱이 깔끔해서 좋아요^^ 사용하기 편하고 결제도 잘되네요 가끔 결제 잘 안되는 곳 있어서 애먹었는데
Gangeun Jinwoo,2023-06-19 03:46:28-07:00,5,1,배송 빠르네요,선물용으로 급하게 시켰는데 배송 빠르네요 굿굿
Hyoil Hyounjung,2023-06-19 03:46:27-07:00,5,1,득템완료ㅎㅎ,한번사고 만족하니까 여기서 계속 사게되네요 이번에는 세일에 득템도 했어요ㅎ!!
Jun Eunjin,2023-06-19 03:46:25-07:00,5,1,다 있네요,이것도 있을까 하고 검색했는데 있네요ㅋㅋㅋ 진짜 명품 종류 다 있네요
Gooot Sangsoo,2023-06-19 03:46:23-07:00,5,1,구경하는 재미,심심할때마다 들어오는 앱! 구경하는 재미가 쏠쏠합니다 가격도 괜찮으면 며칠고민하다가 사기도 합니다 ㅋㅋ
Eunkyoung Oh,2023-06-19 03:46:21-07:00,5,1,몇개 질렀네요,제가 좋아하는 브랜드 제품 거의 다 있는거 같더라구여 이번에도 몇개 질렀네여~~
Sunggon Youngshik,2023-06-19 03:46:20-07:00,5,1,계속 이용할듯,명품을 앱에서 사다니 세상 너무 편해졌네요 퀄리티도 괜찮고 이 정도면 계속 이용할듯
Nam Junghwa,2023-06-19 03:43:46-07:00,5,1,너무 편리!!,앱쇼핑 너무 좋아요 편리하고 시간도 안잡아먹고!!
Destruction SPRIGGAN,2023-06-18 05:12:02-07:00,5,1,빠른배송/ 굳 품질,배송이 빠르고 품질에 대한 신뢰가 가는 플랫폼입니다~
Park Hyesun,2023-06-18 02:59:29-07:00,5,1,백화점 쇼핑이 귀찮을때 발란하자,아 요새 백화점 사람 너무 많아요ㅠㅜ 딱질색;; 저번에 백화점에서 지나가다 봐뒀던 백 줄서기 귀찮아서 유리창 너머로 찜해뒀는데 발란에 저렴한 가격에 발견! 너무 저렴해서 의심하다가 고민하고있었는데 재고 1개 남았다길래 바로 질러버림ㅋ 정품보장시스템있으니까 믿고 구매해용!
Seoho Jihee,2023-06-18 02:59:20-07:00,5,1,갓생만들어주는 착한 앱,적립금이랑 쿠폰 사용으로 할인도 많이 되고 조금이라도 저렴하게 구입할수있어요! 할인 받은 금액으로 치킨 시키면 갓생아닙니까♥3♥
Yu Taehee,2023-06-18 02:59:16-07:00,5,1,빠른배송 착한가격,작년에 알아본 가격보다 훨씬 착한 가격에 구매했어요! 주문과 동시에 코로나 걸려서 아 잘됐다 격리해제되면 도착하겠지 했는데 신발이 너무 일찍 와버려서 격리도 전에 뛰쳐 나갈 뻔;;; 넘넘 좋아요 최고최고 발란 최고
Hwang Kyungseok,2023-06-18 02:59:09-07:00,5,1,아싸 신데렐라의 신발을 찾았따,발사이즈가 너무 신데렐라여서 갖고싶은 로퍼 맨날 품절이였는데 운좋게 발란에서 득템! 너무 기뻐서 리뷰 남겨요ㅋㅋㅋㅋ 개조음ㅠㅜㅠㅜㅠ 드디어 나도 슬랙스에 신을 로퍼 생긴다ㅠㅜㅠ 사이즈남은거 보고 품절뜰까봐 후다닥 계산했는데 쿠폰이 있었네여...그것도 꽤나 많이 할인되는.. 다른 상품살때 적용해야겠어요ㅎ
Minhwan Yeojin,2023-06-18 02:59:07-07:00,5,1,미친 물가에 그나마 세이빙 머니,물가가 오르더니 애기들 몸값도 많이 오르네요ㅠㅜㅠㅠ 발란 아녔음 내 통장 어쩔뻔ㅠㅜ 쿠폰이랑 이런거 다 적용해서 진짜 많이 할인받았어요. 정품 보증서도 같이 와서 믿고 구매합니당~
Ha Sangcheol,2023-06-17 21:16:57-07:00,5,1,잘찾으면 희귀템도 좋은 가격에 구매가능,wow...국내에도 심지어 해외에서도 구하기힘들었던 제품을 연말 할인으로 모셔옴... 정가가 워낙 세서 할인 아니였으면 눈물 흘리면서 샀을텐데 시즌오프지만 감지덕지! 감사해요 발란띠! 생각보다 빨리 도착해서 한번 더 갬덩. 자주 들러서 물색해야겠어요
Minsung Juhee,2023-06-17 21:16:55-07:00,5,1,오늘출발 최고ㅠㅜ,엄마 생신 선물 해준다고 떵떵 소리쳐놓고 깜빡해서 오늘출발되는 상품으로 호다닥 주문했는데 다행히 시간안에 도착했어요...후우...감사합니다... 오늘출발 아녔으면 일년 내내 시달릴뻔했어요;;; 감사합니다 갓발란...
Eunmi Seon,2023-06-17 21:16:53-07:00,5,1,리뷰왕,결혼 준비로 예산이 빠듯한데 예랑이가 프로포즈한답시고 백을 사왔더라구여... 그래도 발란에서 주문했길래 그나마 할인 받은거 같아서 다행이에요ㅋㅋㅋㅋ 리뷰 쓰고 또 혜택 받아서 다음 기념일땐 제가 서프라이즈해보게여^3^
Sieun Hwan,2023-06-17 21:16:50-07:00,5,1,어플 사용,발란 어플 사용하기가 가장 쉬운것 같아요 추천합니다
Namho Choon,2023-06-17 21:16:48-07:00,5,1,쿠폰 많아요,프로모션도 많고 쿠폰도 많아요. 꼭 어플 이용하세요
Youngshik Nuree,2023-06-16 09:30:03-07:00,5,1,최저가 가능한 곳,발란에서 사는 건 언제나 최저가네요~
Seoyun Eunsang,2023-06-16 09:30:00-07:00,5,1,배송 놀라워요,배송이 정말 빠릅니다. 바로바로 상품이 와서 넘 좋네요
Seoyun Hyoil,2023-06-16 09:29:59-07:00,5,1,재고 입고 수량,재고 입고 되는거 수량 늘려주세요! 맨날 품절이예요 ㅠㅠ
Ingyu Jumyoung,2023-06-16 09:29:57-07:00,5,1,비교 구매,다른 업체들이랑 비교해보면서 구매할 수 있어서 합리적이예요
Sojung Kisoo,2023-06-16 09:29:56-07:00,5,1,모두 만족스러운 곳,가격이랑 배송 모두모두 만족
Sungsoo Seulki,2023-06-16 09:07:41-07:00,5,1,재고 입고 자주해주세요,요즘 재고입고 되는것만 기다리고 있습니다. 정품도 확실해요
Jaeyeon Dayoung,2023-06-16 09:07:40-07:00,5,1,프로모션 다양,때마다 프로모션이 있어서 좋구요 구경만 해도 재밌어요
Hyuksang Hyounjung,2023-06-16 09:07:38-07:00,5,1,사이즈 걱정 없어요,독일군 스니커즈 다른곳에 없는 사이즈 발란엔 있더라구요
Jo Moonyong,2023-06-16 09:07:37-07:00,5,1,제품 구경하는 재미,평소에 관심있는 제품들 시간날때마다 구경하고 있습니다. 돈 모아서 꼭 사려구요 ㅋ
Belle Yoon 82,2023-06-16 09:07:34-07:00,5,1,최저가 인증,특가나온 제품들 보면 항상 네이버 최저가 보다 쌉니다. 완전 굿
Yun Hana,2023-06-15 07:21:00-07:00,5,1,고객센터 굿,1:1 문의 진짜 빠르구요 답변 잘해주셔서 항상 안전하게 이용하고 있습니다.
Boram Hongsun,2023-06-15 07:20:56-07:00,5,1,확실한 배송,정말 빠르게 제품 받아 볼 수 있습니다. 진짜 배송 걱정은 없어요
Sungjin Sungho,2023-06-15 07:20:51-07:00,5,0,적립금이 쏠쏠,적립금 빵빵하게 쌓이고 있습니다. 쏠쏠해요 ㅋㅋ
Chung Sim 1991,2023-06-15 07:18:22-07:00,5,0,정품 보장,정품 100% 확실합니다. 걱정 안해도 되요
Mina Hyerim,2023-06-15 07:18:19-07:00,5,0,재고상품 서비스,완전 굿입니다. 맘에 드는 상품있으면 따지지 말고 바로 구매해야 합니다 ㅋ
Jungmin Hyojin,2023-06-15 07:16:10-07:00,5,0,제품들 디자인 다양해요,쉽게 원하는 제품들을 검색할 수 있어요. 다양한 디자인들도 쉽게 확인가능합니다
Namho Jinhee 93,2023-06-15 07:16:08-07:00,5,0,믿고살 수 있습니다,믿을만한 어플 입니다. 환불정책도 잘되어 있어서 걱정없이 제품 사고 있습니다. 다 정품이구요
Lee Sunghun,2023-06-14 03:40:24-07:00,5,1,배송 확실히 빠르네요,최근에 발란만 주로 애용하고 있습니다. 배송이랑 가격 측면이 참 좋으네요
원준 천 80,2023-06-14 03:40:22-07:00,5,1,티셔츠 잘 구매했어요,"아미 하트티셔츠 구매했구요, 덕분에 좋은 가격에 빠른배송으로 받아볼 수 있었습니다"
Naree Jumyoung,2023-06-14 03:40:21-07:00,5,1,저렴하게 구매했어요,버버리 머플러 완전 싸게 구매했어요 정품인증도 했습니다
구범 이 97,2023-06-14 03:40:19-07:00,5,1,지인이 추천,친구가 적극 추천해줘서 발란 이용하고 있어요. 저도 친구들한테 알려주고 있습니다 ㅋ
Hyena Jaehun,2023-06-14 03:40:18-07:00,5,1,정품이고 믿을 수 있어요,항상 믿고 구매합니다. 100% 정품 확실합니다.
Saemi Hyoil,2023-06-14 03:04:08-07:00,5,1,배송 완전 빨라요,배송 빠른건 명품앱중에선 발란이 가장 최고인듯
원진 기 98,2023-06-14 03:04:06-07:00,5,1,재고 상품 자주 올려주세요,진짜 가격 너무 좋고 배송도 확실합니다
현정 장21,2023-06-14 03:04:04-07:00,5,0,퍼스널 쇼퍼 짱짱,퍼스널 쇼퍼 도움 잘 받고 있습니다. 굳이 안 입어봐도 정사이즈로 잘 사고 있어요
Koo Sangsoo,2023-06-14 03:04:03-07:00,5,0,매우 안전한 플랫폼,직구앱 여러가지 깔고 이용해봤는데 솔직히 가장 최고 입니다. 1:1 문의도 잘해주시고 믿고 사고 있습니다
Minhwan Jinwoo,2023-06-14 03:04:00-07:00,5,0,기획전들 너무 좋아요,시즌에 맞는 기획전이 다양해서 구경할 맛이 납니다. 이벤트 같은 것도 더 해주세요~~
Seoyeon Soyoun,2023-06-13 02:38:53-07:00,5,1,100% 정품인 곳,정품 확실합니다. 노걱정
Yun DJ,2023-06-13 02:38:51-07:00,5,1,쉽게 검색 가능,제가 원하는 제품들 한눈에 알아볼 수 있어 좋습니다. 관심 있는 제품들은 카테고리별로 잘 나와요
Youngho Minjae,2023-06-13 02:38:50-07:00,5,1,온라인 최저가 100%,다른 곳보다 5만원 이상 저렴했습니다. 잘 샀어요
Seungmin Sangsun,2023-06-13 02:38:47-07:00,5,1,온라인 명품,항상 명품은 백화점에서 사야지 했는데 안그래도 될것 같습니다 ㅋ 발란에서 사면 확실한듯
Sujin Park 89,2023-06-13 02:38:46-07:00,5,1,정품이 확실합니다,정품인지 아닌지 걱정했는데 걱정안해도 될것 같네요 ㅋ
Seoyoung Yunkyoung,2023-06-13 02:38:44-07:00,5,1,재고상품,너무 좋은데 수량이 항상 별로 없어요…ㅠ 많이 등록 안될까요
Yujung Nu,2023-06-13 02:38:42-07:00,5,1,다음 재고입고 언제?,재고 상품만 기다리고 있습니다! 자주자주 입고시켜주세요
Jun Jin 89,2023-06-13 02:38:41-07:00,5,1,재고 입고만 노리고있어요,재고상품 입고 서비스 너무너무 좋습니다
Haeun Heekyoung,2023-06-13 02:38:39-07:00,5,1,친구가 부러워하네요!ㅋㅋ,이번에 셀** 가방 여기서 엄청 저렴하게 샀거든요! 친구가 물어보길래 살짝 알려줬는데 너무 부러워하네요!ㅋㅋ 자기도 살거래요 ㅋㅋ
Sangho Eunsung,2023-06-13 02:33:14-07:00,5,1,드디어 구매,사고 싶은 가방 수량 하나 남은 거 구매했음 ㅋㅋ 못 살 수도 있다고 생각했는데 사서 기쁨
천명인수,2023-06-13 00:37:53-07:00,1,0,여기 쓰레기임,이유는 29만원인데 할인 5% 쿠폰을 선택해서 28이라고 써있고 사실상 결제 하면 29만원에 결제됨 또한 어느 명품이 목 부분이 엄청 타이트해서 머리가 작은 사람도 머리 넣다가 실밥 터지는 소리가 날까? 그래서 리뷰 남기니까 게시물 정책 위반으로 삭제 처리됨
RexcMckee,2023-06-11 06:21:00-07:00,5,1,살려주세요 ㅋㅋㅋ,발란 알고나서 카드값 미쳤어용 ㅋㅋ 발란이 너무 예쁜거 잘 갖다놓더라구용ㅋㅋㅋㅋ
MarkuscBonilla,2023-06-11 06:20:57-07:00,5,1,꾸준히 계속 가주세요,명품을 이렇게 쉽게 사다니 신기하기도 하고 편하기도 하고^^ㅎㅎ 계속 꾸준히 제품 공급해주세요^^
RomancArcher,2023-06-11 06:17:53-07:00,5,1,살 거 많네요,한번 구경해볼까 하고 깔았는데 생각보다 살 게 많네요 지금 찜 해논 제품 쌓여가네요
Moonyong Naeun,2023-06-11 06:17:50-07:00,5,1,나한테 딱,명품은 좋아하는데 오프라인 매장 부담스러운 나한테 딱인 앱
Mikyoung Hayun,2023-06-11 06:17:49-07:00,5,1,자신감 뿜뿜,어제 배송받아서 바로 입고 나갔는데 너무너무 맘에 들었어요ㅋ 자신감이 뿜뿜했네욬ㅋ
SJ Areum,2023-06-11 06:17:47-07:00,5,1,흐뭇흐뭇,돈은 확실히 더 쓰게됨ㅋ 근데 옷방에 쌓여가는 애기들 보면 흐뭇함
Jumyoung Gwon,2023-06-11 06:17:45-07:00,5,1,발란부터 킴,선물할 일 생기면 발란부터 켜서 랭킹 순위 한번보고 세일 뭐하나 보고ㅋㅋㅋ
Changyoung Sunho,2023-06-11 06:17:44-07:00,5,1,돈많이 썻다,작년부터 쓰기 시작했는데 처음 샀을 때 괜찮아서 이것저것 많이 샀네요 여기서 천만원 써가네요ㅋㅋㅋ
Jaehyuk Naroo,2023-06-11 06:17:42-07:00,5,1,사랑해요,발란 사랑해요 이 사랑 깨지지 않길 바랍니다ㅎ
Ingyu Hong,2023-06-11 06:17:41-07:00,5,1,잘 신고다녀용,하도 가품 많다길래 걱정했는데 저한테 온건 정품 맞더라구용 신발 샀는데 아껴서 신고다니네용
요기루요기해,2023-06-10 19:27:30-07:00,1,0,적립금 포인트사용,"왜각각해놔서 낚시를 하시는지…ㅉㅉ
적립금해봤자 얼마되지도 않는데
쿠폰날릴때 같이 사용할수있게좀 해주세요
의도가 너무뻔해요"
Gcheon Jungshik,2023-06-10 07:23:07-07:00,5,1,쭉 쓸거예요,이번에 발란 써봤는데 만족해서 쭉 써보려구요 보니까 발란 케어 플러스 실시해서 정품 확인 더 강화한다고 하던데 믿음이 가네요~!
Sungmin Gwak,2023-06-10 07:23:05-07:00,5,1,제품 많아여~~,제가 좋아하는 브랜드 제품 많아서 종종 이용하고 있어여~~^^
Yang Jiyeon 81,2023-06-10 07:23:03-07:00,5,0,여기만 써요^^,명품 앱 중 여기만 써요 사용하기 편리하고 저한테 잘 맞더라구요^^
Dongyoon Kyungsoo,2023-06-10 07:23:01-07:00,5,0,좋아요~,세일 자주해서 너무 좋아요~ 맘에 드는 건 빨리 품절되긴 하는데 좀만 신경쓰면 특템 어렵지 않아요~~
Seunghyun Choon,2023-06-10 07:22:59-07:00,5,1,한번에 해결 ㅎㅎ,지인 면세점 찬스 거의 안쓰게 됐어요 ㅎㅎ 여기서 다 해결하네요ㅎㅎㅎ
Donghyun Jungwoong,2023-06-10 07:22:58-07:00,5,0,후회 없이 쇼핑할 수 있어요!,상품 여러 개 비교할때 좋아요! 찜도 해놓고 장바구니 넣어놓고 이것저것 보면서 결정해서 그런지 후회도 적어요!
Hyunyoung Jinho,2023-06-10 07:22:56-07:00,5,0,편해요,발란 쓰고 나서 겨울엔 백화점 한 번도 안갔네요 ㅋㅋㅋㅋ 집까지 갖다주니까 편해요 ㅋㅋㅋ
Hwang Sangwook,2023-06-10 07:22:54-07:00,5,0,만족쓰,편하게 집에서 이것저것 구경 다 할 수 있어서 좋음 단점은 선택하기가 너무 힘들다는 거..
Compiler Hong,2023-06-10 07:22:53-07:00,5,0,선물가성비최고,타 어플에서 주문했는데 갑자기 품절이라고 취소되서 발란에서 구매했어요. 아빠 생신 선물 구매했는데 정품 상자가 없어서 좀 아쉬웠어요. 대신 진짜 저렴하게 샀어요! 더스트랑 정품 보증서는 있어서 그냥 선물 상자는 따로 사서 포장해드렸는데 진짜 좋아하셨어요.!
Seungmin Mira,2023-06-10 07:22:51-07:00,5,0,단골예약,휘뚜루 마뚜루 멜 가방이 필요했는데 막 들고 다닐꺼라 투자를 크게 하고싶지않아서 둘러보는데 공홈 가격으로 발란에서 더 좋은 제품을 살수가 있네요? 개이득~~~ 배송도 빨리오고 넘 좋아요 담에 또 이용할게요ㅎ
Yejin Yeojin,2023-06-09 07:49:28-07:00,5,1,빠른배송 감사합니다.,딸내미 유학보내는길에 선물해주고싶어서 찾아봤습니다. 아이가 정말 좋아하네요. 제가 다 기분이 좋네요. 빠른배송 감사합니다.
Yejun Sangsoo,2023-06-09 07:49:24-07:00,5,1,남편이 생일선물 백 사준다고해서 애들 얼집 보내고 쉬는 시간에 어플 엄청 봤어요ㅋ,남편이 생일선물 백 사준다고해서 애들 얼집 보내고 쉬는 시간에 어플 엄청 봤어요ㅋ 스크롤하느라 엄지손가락 지문 없어질듯ㅋㅋ 남편은 공홈에 있는 가격 생각하는데 제가 발란 링크 보내주니까 할인률보고 엄청 기특해하네요ㅎ 배송도 빨리 와서 아주 행복한 생일을 보냈어요.
Lee Yoon 97,2023-06-09 07:49:22-07:00,5,1,직구치고 빠른 배송!,좀 더 일찍 주문하면 좋았을텐데 생각보다 배송이 좀 걸렸어요. 그래도 친구들은 직구가 그정도면 빨리 온거라고 하네요ㅋㅋㅋㅋ 제가 성질이 급한가봐요 ^^;; 보통 2-3주 잡고 주문하라길래 러프하게 잡고 주문했는데 넉넉하게 도착하긴했어요. 제품 포장 너무 완벽하고 택배 뜯는데 애먹었어요 하도 꽁꽁포장해주셔서ㅎ 아주 만족스럽습니당
Saemi Hyunjoo,2023-06-09 07:49:17-07:00,5,1,신규가입혜택 정말 좋네요,백화점에 DP상품밖에 안남았다길래 집와서 검색하다가 어플 받았어여. 신규가입 혜택 적용하면 할인되길래. 새상품 저렴하게 구입할 수 있어서 좋습니다.
Chang Nam 91,2023-06-09 07:49:11-07:00,5,1,쇼핑할 시간이 없을때 발란하세요,신혼여행가서 입을 커플티 주문했어요! 결혼 준비하느라 백화점 돌아다닐 시간도 없고ㅠ 잠깐 짬내서 자기 전에 어플 둘러보고 바로 주문! 옷사는것도 일... 집에서 이렇게 편하게 쇼핑이 되다니 너무 좋네요...
Ganghee Juyeon,2023-06-09 07:49:09-07:00,5,1,한국인이라면 좋아할 처리속도,진짜 빠르네요ㄷㄷ 무슨 해외직구가 이렇게 빠르담ㅋㅋㅋㅋ 물건받고 문의사항 있어서 고객센터 연락했는데 상담사분이 진짜 친절하고 빠르게 처리해주셨어요. 발란은 빨리빨리 한국인 정서에 아주 잘 맞는거 같아요ㅋㅋㅋㅋ
Seunghyun Kyusan,2023-06-09 07:49:07-07:00,5,1,매장픽업 알람 빨리와라,IFC몰 놀러갔다가 오프라인 매장보고 가입하면 쿠폰팩 준다길래 어플 받았어요! 분명 아까 백화점에서 본 가격이랑 너무 차이나는데 안살이유가 없잖아요 ^^ 집 가는 길에 둘러보다가 매장픽업 신청했어요ㅎ 택배못기다려~
Youngcheol Hyoil,2023-06-09 07:49:04-07:00,5,1,결혼기념일 챙길때 쿠폰도 챙기세요,아버지가 결혼기념일 선물 사려고 고민하시길래 제가 주문해드린다하고 쿠폰써서 할인가에 구매 도와드렸어요. 아버지는 백화점에서만 알아보셔서 이렇게 저렴하게 살 수가 있냐고 놀라시네요ㅋㅋ 선물포장 요청했더니 백화점에서 사는거보다 더 예쁘게 와서 올 한해도 가정에 평화가 있을듯합니다.
Sungmin Chang,2023-06-09 07:49:02-07:00,5,1,해외에서 오는게 맞나 싶은 스피드,공홈 가격 너무 터무니없구요... 심지어 국내에서 가격이 올라버려서 직구만이 답이였는데 발란에 다행히 모든 컬러 모델 있었고 안살이유가 없었음! 배송 오래걸릴거라 생각했는데 읭? 엄청 빨리 도착해서 직구맞나 했었음ㅋㅋㅋㅋ
Eunhye B,2023-06-09 07:48:59-07:00,5,1,생일선물,친구가 선물해준다고 갖고싶은거 링크 보내라는데 무턱대고 비싼거 보내줄 수 없어서 최저가 찾고 찾아서 발란링크 보내줬어요. 누이좋고 매부좋은 굿소비^_^ 친구 지갑 지켜주고 선물받으니 기분 너무 조아요! 심지어 다음날 택배옴♥ 다음번 친구 생일땐 제가 발란에서 찾아서 선물하면 되겠어요ㅎ
jjung0103,2023-06-09 02:31:27-07:00,5,0,편리한 쇼핑,다양한 상품들 검색이 편리하게 잘 되있어요!!
Jun Nu,2023-06-06 18:33:09-07:00,5,1,검수 영상 감동..,물건 구매하면 사면 정품이나 하자 검수하는 영상 찍어 보내주는데 이 서비스 넘 좋은거 같아요
Haeun Jin,2023-06-06 18:33:08-07:00,5,1,면세 쇼핑보다 좋음,직구보다 편하고 쿠폰에 할인에 따져보면 면세쇼핑보다 더 저렴함
Sangho Heekyoung,2023-06-06 18:33:06-07:00,5,1,굿굿굿,발란 자체 적립금도 큰데 네페 결제 돼서 네페 적립까지 받으니 좋네요 ㅋ
Younghun Eunsung,2023-06-06 18:33:04-07:00,5,1,세일,바잉세일로 진짜 저렴하게 여럿 건졌어요!! 이번에 첨 알았는데 자주 애용하려구요
Hanna Sunyoung,2023-06-06 18:33:03-07:00,5,1,상품이 다양해요,다른데에서 못찾고 허망하게 있었는데 발란에 재고 있더라구요! 덕분에 특템했어요
Dlgustn Myungho,2023-06-06 18:27:42-07:00,5,1,배송 만족,해외배송 상품도 생각보다 빠르게 도착하네요. 검수 영상 보내주는 부 분도 좋아요
Ohwang Jiwon,2023-06-06 18:27:41-07:00,5,1,좋아요,비슷비슷한 명품 커머스앱들 한번씩은 다 이용해봤지만는 발란이 제일 고객 대응이나 판매자 관리가 잘 되는 거 같아요.
Youngho Younhee,2023-06-06 18:27:39-07:00,5,0,앱 UI가 좋네요!,앱 디자인도 이쁘고 좋네요~ 앱 최적화도 잘 돼서 쇼핑 잘하고있어요
Hyunyoung Seunghyun,2023-06-06 18:27:37-07:00,5,0,불안했었는데,"정품일까 불안했었는데, 배송도 빠르게 왔고 정품도 잘 받았네요. 앞으로도 잘 쓸 것 같습니다."
Sangho Inhwa,2023-06-06 18:27:35-07:00,5,0,잘 쓰고 있어요~,다른 앱 비교하면 판매자 관리 잘 되는 편이에요. 그래서 믿고 사용하게 되네요.
Jungran Yoon,2023-06-06 03:40:21-07:00,5,1,카카오페이 할인,한달에 한두번은 카카오페이 결제하면 즉시할인 해주는거 너무 좋아요!! 이게 꽤 크네여 ㅎㅎ
Naroo Garam,2023-06-06 03:40:20-07:00,5,1,적립금,적립금 혜택이 커요! 다른데처럼 티클모아 태산 이런거 아니라 좋네요. 회원은 매달 쿠폰도 주고.. 회원 혜택이 좋네요.
An Younghwa,2023-06-06 00:50:58-07:00,5,1,검색기능 훌륭,"상세 검색이 다른 곳보다 훨 낫네요. 브랜드별, 사이즈별, 가격대별 ~ 인터페이스 편해요."
Belle Younsun,2023-06-06 00:50:44-07:00,5,1,선물 고르기 좋아요,"기념일이라 뭐할까 고민하다가 적당한 금액대로 선물 잘 골랐어요! 금액대별로도 상품들 확인 가능하고, 랭킹에서 요즘 인기상품이 뭔지도 볼 수 있어서 명품 잘 몰라도 도움 받았네요"
Moon Minha,2023-06-06 00:50:43-07:00,5,1,괜히 유명한게 아닌 듯,명품 커머스 앱중에서 제일 편하고 잘 쓰고 있어요. 백화점 오픈런 안해도 되니까 좋아요.
Yeon Mikyoung,2023-06-06 00:50:40-07:00,5,1,할인 많이함,요즘 할인 많이해서 좋긴 한데 재고 좀 더 많이 들여와주세요~~ 넘 싸다보니 엇 하면 품절 ㅜㅜ 일단 무지성 구매부터 하게 됨
Sangsoo Eunhyoung,2023-06-06 00:50:38-07:00,5,1,자주 들어와요,입고가 자주자주 잘 되니까 매번 구경하는 재미가 있네요.
Hyunji Sumin,2023-06-06 00:50:37-07:00,5,1,오프라인 매장이 신의 한수,매장 픽업상품 당일 바로 픽업 가능하니까 좋아요!
Chung Shin 97,2023-06-06 00:50:35-07:00,5,1,어떻게 이런 가격이,할인 많이 한다는 소식 듣고 가입했는데.. 진짜 저렴해요!! 어떻게 이런 가격이??
Park Kwon 85,2023-06-06 00:50:34-07:00,5,1,진짜 쌈,요즘 바잉세일 때문에 텅장됐어요 ㅠㅠ
Yejin Sangsoo,2023-06-05 07:39:55-07:00,5,1,처음,인터넷에서 명품산건 처음인데 백화점에서 사는거랑 제품퀄리티 차이 별로 없음. 이제 백화점 거의 안갈거 같음.
Lee Hyunjoo 98,2023-06-05 07:39:52-07:00,5,1,발란은 나의 꿈,발란은 나의 꿈~ 발란에서 그동안 못샀던거 하나씩 거의 다 구매한거 같아요 처음엔 큰돈 주문이라 약간 의심되기도 했는데 상품 받아보니까 계속 주문하게 되더라구요
Saemi Nam,2023-06-05 07:39:50-07:00,5,1,깔끔해요,발란에 있는 제품사진들 다 깔끔하고 보기 좋아요. 이번에 구매했는데 검수영상도 보내주고 믿을만했어요. 앞으로 계속 이용해보려구요.
Ganghee Homin,2023-06-05 07:39:48-07:00,5,1,친구들한테 알려줬어요,여기 있는거 다 사고 싶어여ㅎ 가방 몇 개 질렀는데 친구들이 구하기 힘든건데 어디서 샀냐고 물어보더라구요ㅎㅎ 발란 딱 알려줬죠
Sungho Kyusan,2023-06-05 07:39:47-07:00,5,1,랭킹보는 재미 쏠쏠,장바구니 터질라고 해요 ㅋㅋㅋㅋㅋ 사고 싶은게 계속 눈에 보이네요 ㅋㅋㅋ 랭킹보는 재미도 쏠쏠하고 좋습니다 ㅋㅋㅋ
Youngcheol Chang,2023-06-05 07:39:45-07:00,5,1,빨라서 굿굿!!,배송빨라서 좋아요!! 굿굿!! 저번에 급하게 필요한 옷이 있었는데 빨리 와서 정말 좋았어요!!
Sungmin B,2023-06-05 07:39:43-07:00,5,1,대만족,이번에 새해선물 발란에서 샀는데 받은 사람이 너무 만족하더라구요 바빠서 직접 사러갈 시간 없어서 여기서 샀었는데 대만족이었어요
Eunhye Sunyup,2023-06-05 07:39:42-07:00,5,1,고맙습니다~,발란에서 제가 좋아하는 브랜드 구경하는게 요새 행복입니다~ 발란 고맙습니다~
Byungho Sungmi,2023-06-05 07:39:40-07:00,5,1,맘에 들어요!,샤넬 좋아하는데 여기 샤넬도 있더라구요? 하나 이번에 구매했는데 맘에 들어서 장바구니에 몇 개 더 담았어요!
Shin Jonghun,2023-06-05 07:39:38-07:00,5,1,이용하기 편리해요!,앱 이용하기 편리해요!! 발란 시그니처 파란색도 맘에 들고!! 하루에 한번은 앱 들어와서 장바구니 한번씩 확인하고 있어요!
Jcjy0323,2023-06-04 15:50:06-07:00,2,1,쟝바구니 오류,장바구니에 들어가면 상품이 안보여 구매 불가
Hong Hyuksang,2023-06-03 20:14:04-07:00,5,1,아른거립니다..,요즘 여기서 신발사느라 치킨 끊었습니다.. 근데 또 하나가 눈에 아른거립니다..
Echeon Heo,2023-06-03 20:14:02-07:00,5,1,다 살거야,갖고 싶은 가방들 여기 다 있어용 다 살거예요ㅠㅠ 열심히 돈벌어서 가방하나씩 모으고 있네용 ㅋㅋ
Jihoo Juwon,2023-06-03 20:14:01-07:00,5,1,브랜드 많아졌네여,브랜드 엄청 많아졌네여 명품 사고 싶어서 여기서 찾아보면 지금까지 다 있네여
Lisa Minhyoung,2023-06-03 20:13:58-07:00,5,1,새해 기념으로 플렉스,새해 기념으로 가방 두개 질렀어요 배송도 빨리왔고 제품도 양품이라 좋네요
Jiwon Jang 87,2023-06-03 20:13:56-07:00,5,1,발란 좋아졌음,처음에 발란 알았을때는 별로였는데 지금은 되게 좋아졌음. 예전에 그 발란이 아니더라. 이번에 가방하나 발란에서 주문함.
Kwon Eunkyoung,2023-06-03 20:13:55-07:00,5,1,앱 좋네요^^,쇼핑에 투자하는 시간 확 줄었어요^^ 뭐 사야되면 시간내서 백화점 가야됐는데 이제는 손가락 하나로 쓱쓱 보다가 주문하니까 시간도 절약되고 좋네요^^
Minsoo Yeon,2023-06-03 20:13:53-07:00,5,1,발란에 중독됐어요ㅋㅋ,발란에 중독됐어요 ㅋㅋ큐ㅠㅠㅠ 신발 좋아하는데 여기서 보다보면 시간이 훅훅 지나가네요ㅠ 그래도 끊을 수 없어요 ㅠㅠㅋㅋㅋ
Saemi Ryu,2023-06-03 20:13:51-07:00,5,1,발란 굿,패션 관련 직종이라 옷 입는거 잘하기도 하고 좋아하는데 이번에 발란에서 많이 샀네요 ㅎㅎ 바빠서 옷보러갈 시간 없으면 발란에서 사고 있어요 ㅎㅎㅎ
Hyungmin Sumin,2023-06-03 20:13:50-07:00,5,1,예쁜 아이템 많아요!,예쁜 아이템 많아서 너무 좋아요! 백화점 가도 못 사는 아이템들 많더라구요!! 이번에도 하나 질렀어요
Yeji Sujin,2023-06-03 20:13:48-07:00,5,1,발란은 내친구,요새 발란만 해요 ㅋㅋㅋ 발란에서 옷사고 구경하고 반복이네요
Seoyun Chang 79,2023-06-02 19:51:24-07:00,5,1,효도했어요ㅎ,제품 상자나 구성품 빠짐없이 잘왔네요. 엄마한텐 백화점에서 샀다고 했어요. 너무너무 좋아하시는 모습에 제가 기분이 다 좋네요. 착한 가격에 좋은 제품 감사합니다.
Younghwa Junghun,2023-06-02 19:51:22-07:00,5,1,no more 구매대행,저 이제 구매대행 안할래요.. 가격도 훨 좋고 배송도 빠른데 구매대행 할 이유가 없잖아요??최근에 구매대행하다가 배송문제로 너무 화났었는데 배송과정 다보여서 속이 다 시원하네요. 자주 애용할게요^.^
Hyoil Areum 80,2023-06-02 19:51:21-07:00,5,1,나만 알고싶은 브랜드,매장이나 백화점보다 저렴한 경우가 많고 잘~ 둘러보면 더 좋은 제품들도 건질 수 있어요. 얼마전에 친구들 만나러갔는데 어디가도 품절인데 어디서구했냐며ㅎㅎ 알려주면 유명해질까봐 말해주기싫었어요 하하하 저는 주로 옷을 구매하는데 확실히 타 사이트보다 다양하네요.
사용자 99,2023-06-02 19:51:19-07:00,5,1,아싸라비야,진짜 사고싶은게 있었는데 ... 발란에서 딱 발견 ! 검색하기 쉽고 가격도 저렴하고 좋아요 !!
Skwon Jongsoo 85,2023-06-02 19:51:18-07:00,5,1,짹짹,"방앗간=발란, 참새=나 진짜 맨날맨날 들어와요....짹짹... 지금은 쿠폰 영끌해서 사지만... 로또가 당첨되면 다 사버릴거예요!!! 가격 너무 착하고 제품 다양하고 배송 빠르고 뭐 하나 맘에 안드는게 업숴요!"
Eunmi Yunyoung,2023-06-02 19:51:16-07:00,5,1,스마트컨슈머가 된 느낌,"토트백 가격비교하다가 가입쿠폰 적용하면 말도 안되는 가격이 나오길래 바로 앱 깔았어요. 온오프 최저가로 구매했어요. 스마트컨슈머가 된 기분ㅎ 배송은 일주일 안걸렸어요. 앱은 조금 더 보완되어야할거같긴하지만 저는 지금도 충분해요! 쿠폰 적용부터 구매, 배송까지 다 만족스러웠어요^0^"
Chang Baek 91,2023-06-02 19:51:14-07:00,5,1,발란발란,딜이나 기획전 보고 요즘 유행하는게 뭔가 구경해요. 전체적으로 구성이 좋아서 구경하기좋은거같아요. 보다가 저렴한거 있으면 바로 겟겟!! 행사 프로모션도 다양해서 예쁜애기들 보면 늘 심장이 발란발란해요... 기획전 잘 보고있습니다. 다양한 딜 부탁드려요~
Hong Yunyoung 80,2023-06-02 19:51:13-07:00,5,1,로켓배송,친구가 추천해줬어요. 이태리에서 오는데 이렇게 빨리오다니 감동입니다. 발란파우치도 여러모로 쓸모있네여ㅎ 제품 상태는 당연 좋구요!
Seungho Youngcheol,2023-06-02 19:22:23-07:00,5,1,배송좋아요,제품 컨디션 좋고 배송도 날짜에 알맞게 왔습니다~!
Jun Kisoo,2023-06-02 19:22:21-07:00,5,1,재고체크,다른 브랜드에서 보기 힘든 신상이 많이보이네요! 제품 클릭하기전에 재고 확인 가능한게 좋아요. 상세 보고나서 사려고보니 재고없으면 짱나잖아요ㅠ 중간중간 배송과정 보이는거 넘 좋구요!잘쓰고있습니다.
Nayun Juyeon,2023-06-02 07:13:10-07:00,5,1,굳굳,제품이 좋고 배송도 생각보다 빨리 왔습니다~~
동윤 함,2023-06-02 07:13:07-07:00,5,1,친절왕,고객센터에 문의를 많이했는데 한번도 불쾌한 티 안내고 친절하게 대응해주셔서 감사해요.. 저한테는 꽤나 큰 액수여서 불안했거든요. 근데 물건받아보니 불안함 싹 사라졌어요! 잘쓸게요! 감사합니다
은희 길 83,2023-06-02 03:53:04-07:00,5,1,모든게다새삥,오오오오 배송 예정일보다 빨리도착해서 기분이 째져~~~가방 새삥~~~기부니가 조아서~~~리뷰를 남길수밖에~~~~
Minhwan Hayun,2023-06-02 03:53:01-07:00,5,1,좋아요조하용오,솔직히 명품 그 가격주고 사는거 이해안갔는데 한번 사보니 알겠더라구여..? 이왕 사는거 좀 더 저렴하게 사면 좋잖아요?ㅎ 덕분에 저렴하게 세번째 아이를 데려왔어요. 것두 엄청 빠르게! 감사합니다.
민지 석 92,2023-06-02 03:53:00-07:00,5,1,편해요,맨~날 매장 전화해서 이거있나요? 저거있나요? 하는거 귀찮았는데 그냥 바로바로 제품들 보이고 가격도 착하고 좋아요. 인생이 한결 편해졌어요
Homin Jo,2023-06-02 03:52:58-07:00,5,1,최애쇼핑몰,요즘 저의 최애쇼핑몰! 찾던 제품 사이즈가 안보여서 속상했는데 저렴한 가격에 발견해서 바로 결제! 배송 빠르고 제품 상태 가격 좋아요!
Garam Yunseo,2023-06-02 03:52:56-07:00,5,1,쿠폰많이주세요오~,아 어플로 보다가 더 큰 화면으로 볼라고 각잡고 PC켰습니다. 시간가는 줄 모르고 와랄라 장바구니에 담았더니 터질라고해요ㅋㅋㅋㅋ 쿠폰써서 최애 한두개 구매했는데 진짜 가격 착하네요.
Ggwak Doyoun,2023-06-02 03:52:54-07:00,5,1,갓발란,"착한 가격 그리고 빠른 배송, 믿을 수 있는 제품까지 갓벽합니다. 이제 발란만 이용할게요~"
Seoyun Junho,2023-06-02 03:52:53-07:00,5,1,한국인맞춤브랜드,발란 진심 한국인 정서에 너무 잘맞음. 로케트로 배송하는지 개빨리오고 고객응대 좋고 가격착하고 믿을 수 있는 정품임.
Hyunji Minsung,2023-06-02 03:52:51-07:00,5,1,믿고삽니다,아니 가격이 너무 착해서 가품으로 의심이 갈때도 있어요...근데 받고 감정까지 받아보면 늘 정품이더라구여. 이제 그냥 믿고 삽니다.
Sungryung Lee 87,2023-05-31 03:34:45-07:00,5,1,실시간 랭킹,"실시간으로 머가 잘 나가나 랭킹 확인 가능하니 어떤게 트렌디한지, 어떤게 저렴한지 파악하기가 쉬워요 ㅋㅋㅋ 명품 잘 몰라서 랭킹 손민수 하는 중 ㅠ"
Eunjung DJ,2023-05-31 03:34:34-07:00,5,1,추천 태그 좋아요,명품 처음 입문하는데 추천 태그 상품으로 입문자추천 태그가 있더라구요 ㅋㅋㅋ 도움 받아서 잘 구매했어요!! 태그검색이 되니까 좋네요.
Hyejin Seungho,2023-05-31 03:34:33-07:00,5,1,편해요,"남성, 여성 카테고리 선택해서 진입할 수 있어서 원하는 상품 찾기가 쉽네요. 선물 찾기에도 용이함"
Jo Jinm,2023-05-31 03:34:31-07:00,5,1,상품 다양하고 저렴,찾는 상품이 발란에만 있을 때가 많더라구요! 월간 쿠폰팩은 매달 주니까 쿠폰 할인 받으면 저렴하기도 하고 ㅋㅋ 좋네요
Youngsoo Daesun,2023-05-31 03:34:29-07:00,5,1,검색 기능 좋음,"검색을 브랜드별, 상품, 가격, 색상 등 세분화해서 검색 할 수 있다보니 원하는 상품 찾기가 편리합니다"
Jinwookim Sungjin,2023-05-31 03:34:27-07:00,5,1,매장 픽업 좋아요,오프라인 매장 픽업 가능한 상품은 배송 기다릴 필요 없이 여의도 방문해서 당일에도 픽업 가능해요~~ 매장 픽업 상품 더 늘어나면 좋겠네요 ㅋㅋㅋ
Hgwak Kwangsoo,2023-05-31 03:34:26-07:00,5,1,당일배송 ㄷㄷ,오늘도착 말만 그런 줄 알았는데 진짜 당일배송 되네요!! 급했는데 넘넘 감사해요 ㅠㅠ
Cjang Yuri,2023-05-31 03:34:24-07:00,5,1,리뷰 잘 안 쓰는데,요즘 넘 잘 쓰고 있어서 리뷰 남가요 ㅋㅋㅋ 시간 가는 줄 모르고 발란 보고 있어요.. 퍼스널쇼퍼 기능도 있고.. 빠져 나올 수 없어..
Jumyoung Sunghun,2023-05-31 03:34:21-07:00,5,1,굿굿,사이트 평이 좋으니 신뢰가 가더라구여! 실제로 구매해보니 안전하기도 하고 브랜드도 다양하고 좋아요
Ryankim Mincheol,2023-05-31 03:34:19-07:00,5,1,면세 쇼핑보다 편해요,가격 자체에 관부가세 포함 되어있어서 직구보다 편하고 집에서 구매해도 되니 면세점 가는것 보다 낫습니다. 잘 쓰고 있어요~~
Minhyoung Younghwa,2023-05-30 07:24:54-07:00,5,1,적립금 꿀,발란 앱 자체에서 적립도 되고 네페 적립까지 되니 적립금이 따따블
Gjeon Jungshik,2023-05-30 07:24:47-07:00,5,1,앱이 깔끔함,디자인이나 ui가독성이 좋고 오류도 타앱들보다 적어서 쓰기 편해여
Sungmi Sungho,2023-05-30 07:24:45-07:00,5,0,칭찬 받았습니다.,와이프 선물 골라 줬더니 칭찬 받았습니다. 저렴하게 잘 샀어요. 또 이용 할게요.
Skwon Siwoo,2023-05-30 07:24:44-07:00,5,1,검수 영상 감동..,물건 사면 검수하는 영상 찍어 보내주니까 좀 더 안심하고 살 수 있더라구요. 감사합니다.
Kwak Gang,2023-05-30 07:24:42-07:00,5,1,좋당,월간 쿠폰팩 있어서 많이 저렴해요~
Subin Leina,2023-05-30 07:24:40-07:00,5,1,텅장 유발,기획전도 다양하게 해서 맨날 발란보느라 시간 가는 줄 모름 ㅋㅋㅋㅋ
Go Minhwan,2023-05-30 07:24:38-07:00,5,1,배송 빠름,배송 빠르고 정품 검수 진행해서 보내주니 안심 됨
Taehee Subin,2023-05-30 07:24:36-07:00,5,1,잘 쓰고 있어요,다양한 브랜드의 다양한 물건들 저렴하게 구매할 수 있어서 좋습니다.
Juyeon Sangsoo,2023-05-30 07:21:08-07:00,5,1,짱~,대부분 명품 구매 가능 하네요~
루원시티,2023-05-29 15:56:40-07:00,5,1,첫 구매인데 만족해요,앞으로 자주 들려 구매할듯 합니다.
Sieun Juwon,2023-05-29 07:21:45-07:00,5,1,리뷰란 정보 좋아요,리뷰 관리가 잘되어있어서 정보 공유가 잘되는듯 합니다.
Jaehyuk Bae,2023-05-29 07:21:43-07:00,5,1,프로모션 좋아요,시즌마다 프로모션이 있는데 잘 이용하면 정말 싸게 잘 살수 있습니다
Belle Kimm,2023-05-29 07:21:41-07:00,5,1,친절한 고객센터,CS응대가 너무 좋았어요 다시 명품을 사게 되면 발란에서 살듯합니다
Minjun Jiyeon,2023-05-29 07:21:39-07:00,5,1,부모님 선물 구매,처음으로 부모님께 명품 사드렸습니다. 100% 정품보장이라 더욱 고민없이 사드렸어요
Qjeon Mijung,2023-05-29 07:21:37-07:00,5,1,믿고 살 수 있습니다.,가품 걱정이 직구앱 사용하면서 항상 있었는데 발란에선 이런 걱정 없이 살 수 있습니다.
Hyejin Suwon,2023-05-29 07:21:36-07:00,5,1,배송 좋아요,배송이 이렇게 빠른건 직구앱 이용하면서는 처음이었던듯합니다
Jungsoo Eunseo,2023-05-29 07:18:02-07:00,5,0,직구앱중에 가장 좋아요,다른 직구앱 이용하면서 기분이 많이 상했었는데 발란 이용하면서 불편한점 하나도 없었습니다
Hyena Park,2023-05-29 07:17:59-07:00,5,0,고객센터 서비스,여러가지 문의하는데 항상 친절하게 응대해주십니다. 기분좋게 쇼핑할 수 있습니다
Gwak Younhee,2023-05-28 08:59:15-07:00,5,1,명품을 싸게,편리하고 무엇보다 저렴합니다. 시즌에 맞게 명품 잘 구매할 수 있어요
Gjeon Hyounjung,2023-05-28 08:59:13-07:00,5,1,지인이 추천했어요,친구가 알려줘서 이용했는데 넘 만족스러웠어요
Yejun Wonjin,2023-05-28 08:59:11-07:00,5,1,정품 100%,정품이 확실해요
Seoyoung Jungran,2023-05-28 08:59:09-07:00,5,0,검색 기능,카테고리별로 제품들 정리가 잘 되어 있어서 보기 편리합니다
Euk Nu,2023-05-28 08:59:08-07:00,5,1,최저가 명품구매,다른 곳보다 10%정도 더 저렴하게 샀습니다
Seoho Chang,2023-05-28 08:59:06-07:00,5,0,개이득 쇼핑,최저가로 명품을 빨른 배송으로 살 수 있습니다.
Youngtae Seohyeon 98,2023-05-28 08:30:32-07:00,5,1,역시발란,확실한 정품을 살 수 있습니다
Kim Seoho 82,2023-05-28 08:30:30-07:00,5,1,퍼스널쇼퍼 좋아요,덕분에 사이즈 맞는걸로 잘 구매할 수 있었습니다.
Mikyoung Heekyoung,2023-05-28 08:30:28-07:00,5,0,믿고 사세요,진짜 정품을 안심하게 구매할 수 있는곳
Lee Chaewon 93,2023-05-28 08:30:26-07:00,5,0,비교구매 좋아요,업체들의 가격이랑 리뷰 비교해보면서 구매할 수 있어서 좋았어요
소비자가만만해?,2023-05-27 21:19:04-07:00,1,0,뭐하나 해주는게 없는 쓰레기,"판매자도 본사도 굉장히 무성의하고
제대로 하는게 없는데 다들 왜쓰는지?
다시는 쓸 일 없는 앱.
덕분에 크림 덕후됨"
Byungho Sunyup,2023-05-27 08:52:58-07:00,5,1,얼른 구매 고고,고민하지말고 바로 구매하세요 ㅎ 가장 싼 가격에 살 수 있습니다.
Yang Jonghun,2023-05-27 08:52:57-07:00,5,1,명품지갑구매,첫 명품지갑을 여기서 구매했습니다. 완전 정품이고 배송도 빨랐습니다
Ha Sungeun,2023-05-27 08:52:55-07:00,5,1,직구배송 빠름,검수영상도 좋고 배송도 굿
Minsung Sangcheol,2023-05-27 08:52:52-07:00,5,1,배송이 안전해요,포장영상도 볼 수 있고 배송 자체도 넘 빠르고 좋네요
Eunmi Juhee,2023-05-27 08:52:47-07:00,5,1,상담이 친절,온라인에서 처음 명품거래하는거라 궁금한게 많았었는데 잘 상담해주셔서 안심이 되었습니다
Nuree Son,2023-05-27 08:05:40-07:00,5,1,결제가 편리해요,복잡함이 없고 결제가 편리해서 좋았습니다
Arin Sangwook,2023-05-27 08:05:38-07:00,5,1,AS가 좋아요,책임지고 수선을 해줘서 너무 좋았습니다. 보증서비스가 확실합니다
Ohwang Junghun,2023-05-27 08:05:37-07:00,5,1,배송이 퀵,직구인지 모를 정도로 배송이 빠릅니다
Subin Youngwhan,2023-05-27 08:05:35-07:00,5,0,앱 기능이 좋아요,다른 직구앱들은 버벅거림이 있는데 발란은 그게 없어서 너무 좋습니다
Gjeon Younghwa,2023-05-27 08:05:34-07:00,5,0,상품이 다양,상품들이 자주 리뉴얼되어서 여러 제품들 확인할 수 있습니다. 배송도 빨라요
Rhee Minhwan,2023-05-25 21:37:04-07:00,5,1,100% 안전한 발란,가품 걱정 없이 제품들 구매할 수 있습니다.
Sunho Nuree,2023-05-25 21:37:02-07:00,5,1,기획전 다양해요,이벤트도 많고 기획전도 다양합니다. 보는 맛이 있습니다
Djfuqqdnss Hyoil,2023-05-25 21:37:01-07:00,5,1,정품 보장되는 곳,검수 사진만 10번 넘게 확인했습니다 ㅋ 친절하게 잘 응대해주셔서 감사요
Sunyoung Eunjung,2023-05-25 21:36:59-07:00,5,1,남자친구 선물 잘했습니다,고민하다가 남친 선물 여기서 샀는데 검수도 잘해주시고 만족스럽게 잘 구매했습니다
Jaecheo Younghun,2023-05-25 21:36:57-07:00,5,1,최저가 확실하네요,다른 직구앱보다 훨씬 저렴하게 잘 구입했습니다
Kyusan Chaewon,2023-05-25 21:36:56-07:00,5,1,클리어런스 항상 봅니다,발란 서비스중에서 클리어런스 넘 좋은것 같아요. 좋은 가격에 명품살 수 있습니다
Jun Sungeun,2023-05-25 21:36:54-07:00,5,1,고객센터 넘 친절해요,명품 신발 사기엔 발란을 가장 추천합니다. CS도 친절하고 넘 좋아요
Hyoil Dongyoon,2023-05-25 21:36:51-07:00,5,0,직구앱 중에서 최고,직구 앱 많이 있지만 발란이 가장 최고 입니다. 배송이 진짜 빨라요
Sin Yejun,2023-05-25 21:32:19-07:00,5,0,상품이 정말 많아요,상품이 많아서 고르는 맛이 있습니다. 이벤트도 다양해서 좋은 가격에 살 수 있어요
Sunwoo Sim,2023-05-25 21:32:18-07:00,5,0,비교구매 좋아요,브랜드 다양하고 연관상품이 구미에 맞게 잘 떠서 좋습니다
Son Yewon 90,2023-05-25 04:29:34-07:00,5,0,특템 했어요!!,이번에 선착순 할인으로 잘 샀어요!!! 쿠폰이랑 특가 등등 다양한 행사 많이 해서 좋네요!!! 가격 되게 좋게 득템했습니다!!
Junhyung Hwan,2023-05-25 04:29:32-07:00,5,0,발란앱 깔끔하고 맘에 들어요~~,앱 보기 편하고 상품 사진도 깔끔해서 맘에 들어요~ 다른 제품들이랑 비교하기도 쉬워서 이용하고 있어요~~~
Mn Gwon,2023-05-25 03:53:23-07:00,5,0,배송 진짜 빨라요,배송 여기가 제일 빨라요 몇번 시켜봤는데 다 생각보다 엄청 빨리와서 만족스러웠어요
Sunwoo Sunho,2023-05-25 03:53:21-07:00,5,0,가방만 3개 구매,가방만 3개 질렀어요 매장갈 시간 없어서 맘에 안들면 반품해야지 하는 마음으로 주문했는데 퀄리티 좋네요~! 당분간 여기 정착하려구요~
Lisa Eunsung,2023-05-25 03:53:18-07:00,5,0,만족해용,친구가 여기서 샀다고 하길래 처음에 좀 의심했었거든용 근데 제가 직접 배송해서 받아보고나서 의심 싹 사라졌네용 상품도 좋고 가격도 만족해용
Junyoung Youngil,2023-05-25 03:53:16-07:00,5,0,앱 좋아졌어영,발란 알고나서 심심할 일이 없네영 명품을 좋아해서 그런지 여기서 구경만 해도 너무 재밌어영 초반보다 보기도 편해지고 상품도 엄청 많아졌더라구영
Hyunwoo Ryu,2023-05-25 03:53:13-07:00,5,0,와이프 칭찬받았네여,우연하게 알게 된 발란 덕분에 와이프 칭찬도 받고 기분좋았네요 와이프가 찾는게 발란에 있더라구요 생일선물 잘 샀습니다ㅎㅎㅎㅎ
Younghwa Yeojin,2023-05-25 03:53:10-07:00,5,0,발란 알고나서 바뀌었어요ㅎ,해외직구 할 줄 몰라서 그냥 백화점에 있는것만 사고 만족하는 편이었는데 발란 알게되고 나서 사고 싶은거 맘껏 사게 됐네요ㅎ
Lee Sujin 89,2023-05-25 03:53:09-07:00,5,0,명품 의류는 여기가 1등,명품 의류 구매는 여기가 제일 좋은거 같아요 찾는거 다있네요!! 비교도 할 수 있고!! 돈만 많이 벌면 될거 같아요 !!
Hyesuk Ni,2023-05-25 03:53:06-07:00,5,0,상품 확보 많이 해주세요!,좋긴한데 품절되는 속도가 빠르긴해요 그만큼 인기가 많다는거겠지만 상품 지금보다 많이 확보해줬으면 좋겠어요 다른 건 다 맘에 듭니닼ㅋㅋ
만랩인,2023-05-24 20:09:34-07:00,5,1,퀄리트 높고 좋은가격 많은 반란,"명품 브랜드 좋은가격과 혜택많은 프로모션 많네요
쇼핑이 즐거운 판란입니다"
Namho Sunho,2023-05-24 02:24:27-07:00,5,1,직구 끊었어요 ㅋ,원래 직구만 했었는데 검색하다가 발란 알게된 뒤로는 여기에서 거의 다 해결하고 있네요ㅋㅋㅋㅋ 엄청 편해요
Yejin Son 87,2023-05-24 02:24:25-07:00,5,1,너무 너무 편하네요,쇼핑하기 너무 편해요 고객센터도 문의하면 바로바로 처리되는 편이고^^ ㅎㅎ
Jisuk Seojun,2023-05-24 02:24:23-07:00,5,1,돈 쓰는 재미,명품사는게 무척이나 조심스러웠는데 발란이용하고 나서는 한결 편해졌어요 행사도 자주하고 할인혜택 다 챙겨서 최대한 저렴하게 사려고 하고 있네요
Jungran Sangmyoung,2023-05-24 02:24:20-07:00,5,1,발란 전파하고 있어요!!ㅋㅋ,여기서 산 옷 입고 친구 만났는데 어디서 샀냐고 물어봐서 발란 알려줬네요 !!ㅋㅋ
Mn Sanghun,2023-05-24 02:24:19-07:00,5,1,저렴해서 좋네요~,쿠폰 먹여서 잘 샀어여~~저렴하게 사서 기분 좋네요~ 계속 이렇게만 해주시길
Jihye Jaehyun,2023-05-24 02:06:08-07:00,5,1,시간가는 줄 모르겠어요 ㅎ,요즘 발란앱만 들락날락거리네요 이쁜게 많아서 구경하느라 시간 가는 줄 모르네요ㅎ
Gcheon Gwon,2023-05-24 02:06:06-07:00,5,1,친절 상담,오랜만에 사는 명품 운동화여서 사이즈 고민이 많았는데 고객센터에서 친절하게 상담해주셨어요
Junhyung Cho,2023-05-24 02:06:04-07:00,5,1,리뷰란 편리해요,사진 리뷰라던지 텍스트 리뷰 관리가 잘되어 있어서 제품 구매시에 참고가 잘되고 있습니다~
Pchung Youngwhan,2023-05-24 02:06:02-07:00,5,1,정품 보장되는 곳,정품 100% 확실합니다. 걱정 안해도 되요
Hayun Minsoo,2023-05-24 02:06:00-07:00,5,1,사이즈 겟,몽클레어 원하는 사이즈가 다 없었는데 발란에서 찾았습니다~
Myungho Boram,2023-05-22 19:51:58-07:00,5,0,직구앱중 1위,여러군데 직구앱깔고 사봤는데 발란만큼 좋은 곳은 없더라구요
Jiyeon Han,2023-05-22 19:51:56-07:00,5,1,제품 다양,굳이 안사고 구경해도 좋을만큼 제품 다양합니다
Sinae Yang,2023-05-22 19:51:55-07:00,5,1,믿고삽니다,확실히 믿을만한 곳입니다. 가품 걱정안하고 이용하고 있어요
Youngil Song,2023-05-22 19:50:07-07:00,5,1,최저가 배송 맘에 들어요,최근에 발란만 주로 애용하고 있습니다. 배송이랑 가격 측면이 참 좋으네요
Jaehyuk Jeon,2023-05-22 19:50:05-07:00,5,1,톰브라운 가디건,진짜 사고 싶었던 22년 신상 있었는데 발란에서 진짜 좋은 가격에 구매했네요
Belle Banhee,2023-05-22 19:50:02-07:00,5,0,싸게 샀습니다.,구찌 카드지갑 진짜 저렴하게 구매했습니다
Minjun Juwon,2023-05-22 19:49:58-07:00,5,0,친구가 추천,저도 친구가 추천해서 발란에서 사고 있는데 저도 지인들한테 추천하고 있습니다 ㅎㅎ
Qjeon Bae,2023-05-22 19:49:56-07:00,5,0,확실히 정품,100% 신뢰하고 구매하고 있습니다. 가품은 절대 없어요
Sanghun Myungshik,2023-05-22 19:49:55-07:00,5,0,정품 보장 100%,가품일 경우 보상제도도 있고 정품 확실해서 무조건 발란 이용하고 있어요
Eunjin Yunseo,2023-05-22 19:49:54-07:00,5,0,볼게 많아요,디자인 브랜드 많고 신상품 많아서 볼게 많습니다.
Yunseo Song,2023-05-21 07:52:11-07:00,5,1,굳굳,베리굳! 가격도 배송도 에블띵 굳!
Dongyoon Baek 86,2023-05-21 07:52:08-07:00,5,1,선물할때좋아요,예산 잡고 쇼핑해야할때있잖아요. 그럴때 진짜 좋은거같아요. 예산 초과할 일 없게 금액대별로 설정해놓고 예쁜거 구경하다보면 저도 사고싶어지는게 문제긴한데ㅋㅋㅋ 암튼 진짜 유용하게 잘 쓰고있어요
Geongeun Heekyoung 94,2023-05-21 07:52:07-07:00,5,1,365일 블프,블프때 광고타고 들어왔어요. 그 뒤로 못빠져나가고있습니다ㅋㅋㅋ 그냥 항시 블프가격인데 왜 나가요~ 가격도 착하고 후기도 괜찮네요. 애용할것같아요.
Jaeyeon Hyojin,2023-05-21 07:52:05-07:00,5,1,내손안의백화점,백화점 왜갑니까! 내 손에 백화점이 있는데! 심지어 더 저렴하고 종류도 다양함 개굳!
Minhwan Jihoo,2023-05-21 07:52:04-07:00,5,1,믿고쓰는발란,정품 환불제 덕분에 맘놓고 쇼핑해요. 검수영상도 믿음직스럽고 첨에 반신반의했는데 받아보니 괜한걱정이였어요ㅎㅎ
Jaeho Hyunkyu,2023-05-21 07:52:02-07:00,5,1,꽤괜,여자친구가 뭐 산다고 어플 받아놨는데 제가 보고있네요ㅋㅋㅋ 제대로 영업당했어요. 어쩌다보니 구매까지… 지우려다가 쓸만해서 냅뒀어요. 리뷰까지 쓰고 갑니다.
Jungsoo Nam,2023-05-21 07:52:00-07:00,5,1,트민남,트렌드에 민감한 남자들 무조건 다운받으세요. 트렌드읽기 좋습니다! 게다가 저렴한 가격까지 개이득!
Jaeyun Myungho,2023-05-21 06:56:15-07:00,5,1,커플템은 발란에서,쿠폰혜택이 너무좋아요. 제 아이디로 가방 최저가로 사고 남친 회원가입시켜서 커플템 샀어요>_<
Lee Gangeun,2023-05-21 06:56:12-07:00,5,0,좋아요,편리하고 특히 배송이 빠르고 좋네요. 성격급한 한국인들에게 안성맞춤같아요
Sunghun Ko,2023-05-21 06:56:11-07:00,5,0,배송대박,배송이 생각보다 엄청 빨리와서 넘 만족해요 포장도 괜찮았어요 감사합니다~~
Jungnam Hyounjung,2023-05-19 06:37:02-07:00,5,1,혜택 좋아요,"결제혜택이 너무 좋아요. 카카페랑 네페 둘다 되는 것도 좋은데, 카카페 즉시할인 행사도 하고 네페 적립도 되고…… 너무 좋아요 ㅠㅠ"
Cheon Hwan,2023-05-19 06:37:01-07:00,5,1,배송 빨라요!!!,해외배송이래서 어느정도 늦게 올거 생각하고 있었는데 배송이 5일만에 왔어요 ㅋㅋㅋㅋ 배송 빨라서 더 믿고 살 수 있어요.
Jun Eunhye,2023-05-19 06:36:59-07:00,5,1,간편해요,배대지나 관세 이런거 생각 안해도 되니까 진짜진짜 편함!! 상품 보기도 편하고~ 명품 사고싶은데 발품팔기 귀찮은 저같은 이들을 위한 앱..ㅋㅋ
Seunghyun Geongeun,2023-05-19 06:36:56-07:00,5,1,"사이즈, 색상 다양해요",꼭 내가 찾는 사이즈랑 색상은 품절되어 있던데 ㅠ 발란에 재고가 남아있길래 운좋게 샀어요.
Donghyun Eunjin,2023-05-19 06:33:50-07:00,5,1,앱 깔끔해요,앱 디자인도 이뿌고 킬때마다 혜수언니가 날 반겨줘서 괜시리 좋음ㅎㅎ.. 앱 최적화도 잘 돼서 쇼핑 잘하고있어요
Hyunyoung Choon,2023-05-19 06:33:47-07:00,5,1,검수 영상,말로만 검수한다 이런게 아니라 검수영상 찍어주니까 진짜 신뢰도 1000%.... 이젠 굳이 백화점 안가네요
Hwang Jungwoong,2023-05-19 06:33:46-07:00,5,1,짱,리뷰 잘 안쓰는데……. 넘 잘 쓰고 있어서 씁니다. 상품 상태 깔끔하게 빨리 와서 좋아요~
Go Jihoo,2023-05-19 06:33:44-07:00,5,1,적립금,적립금 혜택이 커요! 어느세월에 모아서 언제쓰냐가 아니라 진짜 쓸 수 있게 적립해줘요 ㅎㅎ
Hyunjun Dayoung,2023-05-19 06:33:43-07:00,5,1,상품 보기 편해요,"여성상품, 남성상품, 골프웨어 구분이 잘 되어있구요!! 브랜드별로 모아볼 수도 있고 가격대 별로도 상품을 볼 수 있어요~~상품 비교하기 넘 쉬움!"
Sistine Seulki,2023-05-19 06:33:41-07:00,5,1,결국엔 발란으로…,명품 좋아해서 비슷비슷한 명품앱들 한번씩 다 써봤는데… 앱최적화부터 고객센터 대응까지 답답해서 결국 다시 연어마냥 발란으로 돌아오게 됨..
Jumi Nuree,2023-05-18 07:29:31-07:00,5,1,"가격, 상품 모두 좋음",가격이 너무 싸서 처음에 정품 맞나…? 했는데 정품이 맞고 배송 상태도 좋음!!
Wonhee Yeji,2023-05-18 07:29:29-07:00,5,1,배송이 진짜 빠름,익스프레스 배송…명품인데 오늘 배송 된다는 점이 가히 혁명적….ㅋㅋㅋㅋ 급할때 짱이에요
Nayun Nu,2023-05-18 07:29:28-07:00,5,1,상품이 많아요,진짜 꼭!! 갖고싶었던 상품 다른데에는 제 사이즈 남아있는 곳이 없었는데 기적같이 발란에만 남아 있더라구요… 심지어 인기사이즈인데도 할인두 많이해서 잘 샀어요 ㅠㅠ
Kyung Moon,2023-05-18 03:01:28-07:00,5,1,좋네요~,상품비교하기가 쉬워서 좋아요. 리뷰도 많아서 물건 살 때 도움 많이 돼요.
Hong Hana 82,2023-05-18 03:01:26-07:00,5,1,득템!!,사고 싶었던 상품들 특가로 올라와서 진짜 잘 샀어요!! 잇템 없을 때도 다양하게 할인 많이해서 보는 재미가 쏠쏠
Suyoun Hongsun,2023-05-18 03:01:24-07:00,5,1,저렴해요,다른데 최저가라고 해서 들어가면 배송비 붙고 관세붙고 그러는데.. 여기는 애초에 관부가세랑 배송비 포함된 가격이라 진짜로 저렴해요!
Sungmi Daesoo,2023-05-18 03:01:23-07:00,5,1,앱이니까 편리해요,UI도 좋고 앱도 렉없이 잘 돌아가서 쇼핑이 넘 편해진 것ㅋㅋㅋ 유일한 단점.. 자꾸 지르게 됨 ㅜㅜ
Junbum Leee,2023-05-18 03:01:22-07:00,5,1,믿고사요,"명품이다보니 한두푼 하는게 아닌데 정품보장 된다는 점, 고객센터 대응 원활하다는 점 때문에 발란에서 삽니다"
Sistine Youngshik,2023-05-18 03:01:16-07:00,5,1,검색 좋음,"상세 검색이 진짜 편리해요. 브랜드별, 사이즈별, 가격대별 등등 ㅋㅋ 원하는 상품 두루뭉술해도 찰떡같이 찾아내 줌 ㅋㅋ"
Dongha Yoon,2023-05-18 03:01:11-07:00,5,1,기념일 선물,곧 기념일이라 애인선물 뭐주나 고민 많이했었는데…. 가격도 저렴하고 상품보기도 편리해서 잘 샀어요!! 기념일 잘 보낼 수 있을 것 같습니다 ㅎㅎ
Seung Youngcheol 77,2023-05-17 19:13:11-07:00,5,1,고객센터 친절,진짜 사소한것도 문의하고 있는데 잘 알려주셔서 넘나 감사요
Youngil Younhee,2023-05-17 19:13:09-07:00,5,1,안전한 발란,답변 잘해주셔서 항상 안전하게 이용하고 있습니다.
Wonjin Younghwa,2023-05-17 19:13:08-07:00,5,1,배송부터 확실,정말 빠르게 제품 받아 볼 수 있습니다. 진짜 배송 걱정은 없어요
Sangah Hyunjoo 89,2023-05-17 19:13:06-07:00,5,0,적립금 굿,적립금 빵빵하게 쌓이고 있습니다. 쏠쏠해요 ㅋㅋ
Youngho Cheon,2023-05-17 19:13:05-07:00,5,0,여친선물,여자친구 선물 많이 고민했는데 거의 반가격에 득템했습니다 ㅎ
Seoyoung DJ,2023-05-17 19:13:03-07:00,5,0,리뷰란 잘되어 있어요,항상 제품 구입하기 전에 리뷰란 꼼꼼히 보고 있습니다. 포토후기 너무 좋아요
Njeon Hyesun,2023-05-17 19:13:00-07:00,5,0,남친이 좋아해요^^,남친 지갑 여기서 샀는데 남친이 너무너무 좋아하더라구요^^ 구하기 어려운건데 어떻게 구했냐고^^
Hyunyoung Jiwon,2023-05-17 19:13:00-07:00,5,0,B최저가,네이버에서 따로 검색해봐도 발란이 가장 최저가 입니다
Jiye Youngil,2023-05-17 19:12:58-07:00,5,0,다 맘에 들어요 ㅋㅋㅋ,옷 몇 개 질렀는데 다 맘에 들어요 ㅋㅋㅋ 배송도 엄청 빨라서 너무 좋았어요 ㅋㅋㅋ
Koo Sunghun,2023-05-17 19:11:02-07:00,5,1,예쁜거 많아용,구* 좋아하는데 발란에 예쁜거 많더라구용 몇 개 주문했네용 ㅎㅎㅎㅎ
Sumin Jihyeon,2023-05-17 04:07:56-07:00,5,0,목도리 살 예정이네요,발란에서 패딩 하나 장만했는데 추운날씨 잘 입고 다니는 중이네요^^ 요즘 목도리도 보고 있어요
Seoyun Chang,2023-05-17 04:07:54-07:00,5,0,월급도둑,장바구니에 담아뒀다가 월급날이나 카드리셋날짜에 지르다보니 제 월급은 사이버머니예요.. 만져보지도못하고 순삭. 빠르게 물건이 와서 슬퍼할 겨를없어 다행(?)이예요ㅋ_ㅋ
Sangjun Hyesun,2023-05-17 04:07:53-07:00,5,1,즐겨찾기,아이폰 스크린타임 70%는 발란일겁니다ㅋㅋㅋ 진짜 요새 많이봐요 연말이라 그런가 ..올한해 고생한 나에게 현명하게 최저가로 빠른배송으루 셀프선물!!!
정민 심 93,2023-05-17 04:07:51-07:00,5,0,닥발,닥치구 발란! 예전엔 좀 안정성이 떨어졌었는데 확실히 쇼핑하기가 더 편해졌어요. 제품들도 다양하고 가격은 예나지금이나 계속 착하네요!
Suyoun Yuri,2023-05-17 04:07:50-07:00,5,0,맘에들어요,해외배송이라 맘 놓고 기다리고있는데 진짜 빨리와서 놀랬어요. 제품상태도 맘에 들고 만족스러운 쇼핑이였어요! 다음번에 또 구매할듯ㅎ
Kisoo Dayoung 67,2023-05-17 04:07:48-07:00,5,0,백화점에서본그대로,백화점에서 본 그대로 내 집 앞에 상자에 예쁘게 포장되어 도착합니다. 멀리 안나가고도 편하게 쇼핑했어요ㅎㅎ
Sangsun Han 7789,2023-05-17 04:07:47-07:00,5,0,앱이보기좋네요,회사에서 PC로 보다가 자기전에 갑자기 생각나서 앱 다운받아서 구경하는데 밤 샐뻔했어요. 보기 편하고 예쁜거 넘많아요!! 최저가 구경하다가 질러버림…^_^
Rladudxx Suran,2023-05-17 04:07:45-07:00,5,0,발란짱짱,친구가 생일선물로 택배 보내줘서 처음 이용하게됐는데 괜찮네요. 선물로 받은 상품 포장 너무 잘되어있고 상태도 좋아서 저도 다른 사람에게 선물하려고 가입했습니당
Kim Mikyoung,2023-05-17 04:04:03-07:00,5,0,기획전최고,기획전 누가 기획하시나요? 상줘야됨. 기획전에 예쁘고 착한거 엄청많아요.! 다음 기획전도 기대할게요
Hyerim Hojin,2023-05-17 04:04:02-07:00,5,0,명친놈필수앱,명품에 미쳐있는 사람입니다. 브랜드별로 깔끔하게 가격대별로 보기 편하게 되어있네요. 구경하다가 오늘도 구매하고 기분좋아서 리뷰남깁니다
Ashleyk213,2023-05-14 19:05:54-07:00,3,0,결제오류,결제오류로 어렵게 여러번 시도후 결제성공 ㅜㅜ
봉지은,2023-05-14 18:21:23-07:00,5,1,최고에요,너무 좋네요
Lim Gwak,2023-05-14 08:40:34-07:00,5,1,오예,갖고싶던제품 찾아서 왔다가 더 맘에드는 아이 찾아서 데려갑니다~
Garam Seojun,2023-05-14 08:40:33-07:00,5,1,신발은 항상 발란,"작년부턴 발란에서 무조건 운동화, 구두 사고 있습니다. 가이즈 구미도 잘되어 있고 정품 확실해서 믿을만 합니다"
Jungeun Gunho,2023-05-14 08:40:30-07:00,5,1,빠른 배송,쿠팡처럼 배송 엄청 빠르더라구요. 믿고 구매하고 있습니다
Hgwon Baek,2023-05-14 08:38:26-07:00,5,1,적립금 혜자,적립금 잘 쌓아두고 있습니다. 이거 요긴하게 은근히 잘 씁니다
Ycheon Bae,2023-05-14 08:38:24-07:00,5,1,상담이 친절합니다`,배송이나 정가품 등등 여러가지 문의 항상 하고 있는데요 그때마다 친절하게 알려주십니다
Ultrapower Youngsoo,2023-05-14 08:38:23-07:00,5,1,검색이 편해요,제품 검색하면 바로 가격비교까지 알 수 있고.. 너무 편리합니다
Moon Woojin,2023-05-14 08:38:22-07:00,5,1,골프의류,PXG좋아하는데 발란에서 싼가격에 구매잘하고 있습니다
Koo Minhyoung,2023-05-14 08:38:20-07:00,5,1,배송 짱빠름,배송은 이곳이 가장 빠릅니다.
Nam Suwon,2023-05-14 08:38:19-07:00,5,1,B최저가 좋습니다,잘 보고 있다가 원하는 제품 나오면 얼른 업어옵니다 ㅋㅋ
Dlgustn Suran,2023-05-14 08:38:17-07:00,5,1,사이즈 문의,사이즈 문의 하면 항상 친절하게 안내해주십니다.
Qkdlr,2023-05-13 07:40:43-07:00,5,1,좋아요,믿음직스럽습니다
Lcheon Wonhee,2023-05-13 01:51:31-07:00,5,1,편하고 안전한 발란,직구앱 여러가지 깔고 이용해봤는데 솔직히 가장 최고 입니다. 1:1 문의도 잘해주시고 믿고 사고 있습니다
Yu Hyojin,2023-05-13 01:51:30-07:00,5,1,다양한 기획전,프로모션 다양해서 너무 재밌습니다. 굳이 구매안해서 아이쇼핑할 수 있어요
Yun Sungjin,2023-05-13 01:51:28-07:00,5,1,정품 보장되는 곳,정품 확실합니다. 노걱정
Hyunkyu Junho,2023-05-13 01:49:14-07:00,5,1,검색 편리해요,관심있는 제품들을 카테고리별로 확인할 수 있어서 좋아요
Euk Chang,2023-05-13 01:49:13-07:00,5,1,최저가 확실하네요,발란이 가장 저렴해서 항상 이용하고 있습니다
Yunseo Seohyeon,2023-05-13 01:49:12-07:00,5,1,온라인 명품 구매,항상 명품은 백화점에서 사야지 했는데 안그래도 될것 같습니다 ㅋ 발란에서 사면 확실한듯
Youngtae Heekyoung 1994,2023-05-13 01:49:10-07:00,5,0,정품 믿고 구매함,정품 가품 걱정안하고 구매가능한 곳
Kim Chaewon 79,2023-05-13 01:49:09-07:00,5,0,사이즈 있어요,골구 운동화 사는데 백화점에서도 없는 사이즈 겟했어요 게다가 금액도 굿 ㅋ
Lee Somin 94,2023-05-13 01:49:08-07:00,5,0,배송 좋아요,직구업체 중에선 발란 배송이 가장 빠른것 같습니다. 너무 좋아요
Shin Sunyoung,2023-05-13 01:49:06-07:00,5,1,비교구매 가능,입점 업체들이 다양해서 제품 비교하고 살 수 있어요
하나돌려,2023-05-10 05:50:18-07:00,5,1,아미,저렴하게 좋은옷 구매했습니다
강강강롯,2023-05-10 03:42:44-07:00,5,1,좋은가격,좋은가격으로 좋은상품 얻어가요
Mpark Jeon,2023-05-09 19:48:39-07:00,5,1,즐겨 찾는 명품쇼핑앱,비교해보고 발란이 가장 낫네요 정품 보장해주는 것도 크구욥
Baek Areum,2023-05-09 19:48:35-07:00,5,1,가품노노,선택의 폭도 넓고 행사정리도 잘 되어 있어서 쇼핑하는데 유용합니다
Yeji Doyoun 18,2023-05-09 19:48:33-07:00,5,1,발란 앱 추천,"인스타에서 본 옷이 너무 예쁜데 명품이라는걸 알고 검색하다가 발란까지 오게 되었어요, 결론은 구매 대성공 다음에 또 사고 싶어요"
Sojung Yejun,2023-05-09 19:48:32-07:00,5,1,좋습니다,너무 예쁜 신발 정말 좋은 가격 좋습니다
Sunho Dayoung,2023-05-09 19:48:30-07:00,5,1,도움이 많아 됐어요~,"브랜드, 사이즈, 컬러 옵션별 검색정보가 있고, 브랜드 매장 직접 가지 않아도 상세이미지와 어떤 상품은 직접 실착 사진도 있어서 도움이 됩니다. 검수 영상도 보내주어 안심합니다."
Njeon Junghwa 92,2023-05-09 19:45:49-07:00,5,1,정품 고민 그만,정품 맞네요 쇼핑백이 안 오는게 아쉬웠지만 없어서 큰일나는것은 아니니 잘 쓰겠습니다
Jinsoo Sunyoung 86,2023-05-09 19:45:47-07:00,5,1,굿굿 너무 좋아요ㅎㅎ,고민하던 상품이 있었는데 가격비교하고 고민 해결!!퍼스널쇼퍼가 있어 도움 마니 받았어요
Jungshik Yuri,2023-05-09 19:45:46-07:00,5,1,집에서 편하게 구매해볼수 있어요,"과거에 해외직구 몇번해보고 한달두달 걸리는거 보고 때려쳤는데, 우연히 발란에서 쇼핑하고는 편견이 깨졌습니다. 세상 좋아져서 배송도 빠르고 심지어 오늘출발 상품도 있는거 보고 놀랐습니다. 여의도 쇼룸도 다녀왔는데 상품 퀄리티 좋았습니다"
Hgwon Jonghun,2023-05-09 19:45:44-07:00,5,1,예쁜 옷 많아요,드레스 성애자는 너무 행복해요 종류도 다양하고 재고 바로 보이니 그때그때 골라 사고 있어요~~
Mina Han 97,2023-05-09 19:45:42-07:00,5,1,완전 굿굿굿,애용하는 앱! 명품 쇼핑은 발란!
Filippo Yejin,2023-05-09 06:01:30-07:00,5,1,유용하네요,생각외로 브랜드 다양하고 가격비교도 잘 되는 편이네요. 여러 개 브랜드는 어플 하나로 정리해 볼 수 있는 장점이 있네요. 물건은 집에 있는 것과 비교하니 정품이었고 그뒤로 발란에서만 삽니다.
